{
  "info": {
    "_postman_id": "1234567-89ab-cdef-0123-456789abcdef",
    "name": "Kappu Doctor App",
    "schema": "https://schema.getpostman.com/json/collection/v2.1.0/collection.json"
  },
  "variable": [
    {
      "key": "baseUrl",
      "value": "http://localhost:5000",
      "type": "string"
    },
    {
      "key": "token",
      "value": "your_jwt_token_here",
      "type": "string"
    }
  ],
  "item": [
    {
      "name": "Authentication",
      "item": [
        {
          "name": "Register",
          "request": {
            "method": "POST",
            "header": [
              {
                "key": "Content-Type",
                "value": "application/json"
              }
            ],
            "body": {
              "mode": "raw",
              "raw": "{\n    \"fullName\": \"Dr. John Doe\",\n    \"email\": \"john@example.com\",\n    \"password\": \"password123\",\n    \"specialization\": \"Cardiology\",\n    \"hospitalName\": \"City Hospital\",\n    \"phoneNumber\": \"+1234567890\",\n    \"address\": \"123 Medical Street\",\n    \"registrationNumber\": \"MED123456\",\n    \"yearsOfExperience\": 5\n}"
            },
            "url": {
              "raw": "{{baseUrl}}/api/auth/register",
              "host": ["{{baseUrl}}"],
              "path": ["api", "auth", "register"]
            }
          }
        },
        {
          "name": "Login",
          "request": {
            "method": "POST",
            "header": [
              {
                "key": "Content-Type",
                "value": "application/json"
              }
            ],
            "body": {
              "mode": "raw",
              "raw": "{\n    \"email\": \"john@example.com\",\n    \"password\": \"password123\"\n}"
            },
            "url": {
              "raw": "{{baseUrl}}/api/auth/login",
              "host": ["{{baseUrl}}"],
              "path": ["api", "auth", "login"]
            }
          }
        },
        {
          "name": "Get Profile",
          "request": {
            "method": "GET",
            "header": [
              {
                "key": "Authorization",
                "value": "Bearer {{token}}"
              }
            ],
            "url": {
              "raw": "{{baseUrl}}/api/auth/profile",
              "host": ["{{baseUrl}}"],
              "path": ["api", "auth", "profile"]
            }
          }
        },
        {
          "name": "Update Profile",
          "request": {
            "method": "PATCH",
            "header": [
              {
                "key": "Authorization",
                "value": "Bearer {{token}}"
              },
              {
                "key": "Content-Type",
                "value": "application/json"
              }
            ],
            "body": {
              "mode": "raw",
              "raw": "{\n    \"fullName\": \"Dr. John Smith\",\n    \"specialization\": \"Cardiology\",\n    \"hospitalName\": \"City General Hospital\",\n    \"phoneNumber\": \"+1234567890\",\n    \"address\": \"456 Medical Avenue\"\n}"
            },
            "url": {
              "raw": "{{baseUrl}}/api/auth/profile",
              "host": ["{{baseUrl}}"],
              "path": ["api", "auth", "profile"]
            }
          }
        }
      ]
    },
    {
      "name": "Doctors",
      "item": [
        {
          "name": "Get All Doctors",
          "request": {
            "method": "GET",
            "header": [
              {
                "key": "Authorization",
                "value": "Bearer {{token}}"
              }
            ],
            "url": {
              "raw": "{{baseUrl}}/api/doctors",
              "host": ["{{baseUrl}}"],
              "path": ["api", "doctors"]
            }
          }
        },
        {
          "name": "Search Doctors",
          "request": {
            "method": "GET",
            "header": [
              {
                "key": "Authorization",
                "value": "Bearer {{token}}"
              }
            ],
            "url": {
              "raw": "{{baseUrl}}/api/doctors/search?query=cardio&specialization=Cardiology",
              "host": ["{{baseUrl}}"],
              "path": ["api", "doctors", "search"],
              "query": [
                {
                  "key": "query",
                  "value": "cardio"
                },
                {
                  "key": "specialization",
                  "value": "Cardiology"
                }
              ]
            }
          }
        },
        {
          "name": "Get Doctor Stats",
          "request": {
            "method": "GET",
            "header": [
              {
                "key": "Authorization",
                "value": "Bearer {{token}}"
              }
            ],
            "url": {
              "raw": "{{baseUrl}}/api/doctors/stats/:id",
              "host": ["{{baseUrl}}"],
              "path": ["api", "doctors", "stats", ":id"],
              "variable": [
                {
                  "key": "id",
                  "value": "doctor_id_here"
                }
              ]
            }
          }
        }
      ]
    },
    {
      "name": "Referrals",
      "item": [
        {
          "name": "Create Referral",
          "request": {
            "method": "POST",
            "header": [
              {
                "key": "Authorization",
                "value": "Bearer {{token}}"
              },
              {
                "key": "Content-Type",
                "value": "application/json"
              }
            ],
            "body": {
              "mode": "raw",
              "raw": "{\n    \"patientName\": \"Jane Smith\",\n    \"patientAge\": 45,\n    \"patientGender\": \"female\",\n    \"diagnosis\": \"Hypertension\",\n    \"reason\": \"Specialist consultation needed\",\n    \"urgency\": \"medium\",\n    \"referredDoctor\": \"doctor_id_here\",\n    \"medicalHistory\": \"No significant history\",\n    \"currentMedications\": [\n        {\n            \"name\": \"Amlodipine\",\n            \"dosage\": \"5mg\",\n            \"frequency\": \"Once daily\"\n        }\n    ],\n    \"notes\": \"Patient has been experiencing elevated blood pressure for 3 months\"\n}"
            },
            "url": {
              "raw": "{{baseUrl}}/api/referrals",
              "host": ["{{baseUrl}}"],
              "path": ["api", "referrals"]
            }
          }
        },
        {
          "name": "Get Referrals",
          "request": {
            "method": "GET",
            "header": [
              {
                "key": "Authorization",
                "value": "Bearer {{token}}"
              }
            ],
            "url": {
              "raw": "{{baseUrl}}/api/referrals?status=pending&type=received",
              "host": ["{{baseUrl}}"],
              "path": ["api", "referrals"],
              "query": [
                {
                  "key": "status",
                  "value": "pending"
                },
                {
                  "key": "type",
                  "value": "received"
                }
              ]
            }
          }
        },
        {
          "name": "Get Referral Details",
          "request": {
            "method": "GET",
            "header": [
              {
                "key": "Authorization",
                "value": "Bearer {{token}}"
              }
            ],
            "url": {
              "raw": "{{baseUrl}}/api/referrals/:id",
              "host": ["{{baseUrl}}"],
              "path": ["api", "referrals", ":id"],
              "variable": [
                {
                  "key": "id",
                  "value": "referral_id_here"
                }
              ]
            }
          }
        },
        {
          "name": "Update Referral Status",
          "request": {
            "method": "PATCH",
            "header": [
              {
                "key": "Authorization",
                "value": "Bearer {{token}}"
              },
              {
                "key": "Content-Type",
                "value": "application/json"
              }
            ],
            "body": {
              "mode": "raw",
              "raw": "{\n    \"status\": \"accepted\"\n}"
            },
            "url": {
              "raw": "{{baseUrl}}/api/referrals/:id/status",
              "host": ["{{baseUrl}}"],
              "path": ["api", "referrals", ":id", "status"],
              "variable": [
                {
                  "key": "id",
                  "value": "referral_id_here"
                }
              ]
            }
          }
        }
      ]
    },
    {
      "name": "Messages",
      "item": [
        {
          "name": "Send Message",
          "request": {
            "method": "POST",
            "header": [
              {
                "key": "Authorization",
                "value": "Bearer {{token}}"
              },
              {
                "key": "Content-Type",
                "value": "application/json"
              }
            ],
            "body": {
              "mode": "raw",
              "raw": "{\n    \"recipient\": \"recipient_doctor_id\",\n    \"content\": \"Hello, I would like to discuss a case with you.\",\n    \"referral\": \"referral_id_here\"\n}"
            },
            "url": {
              "raw": "{{baseUrl}}/api/messages",
              "host": ["{{baseUrl}}"],
              "path": ["api", "messages"]
            }
          }
        },
        {
          "name": "Get Conversation",
          "request": {
            "method": "GET",
            "header": [
              {
                "key": "Authorization",
                "value": "Bearer {{token}}"
              }
            ],
            "url": {
              "raw": "{{baseUrl}}/api/messages/conversation/:doctorId",
              "host": ["{{baseUrl}}"],
              "path": ["api", "messages", "conversation", ":doctorId"],
              "variable": [
                {
                  "key": "doctorId",
                  "value": "doctor_id_here"
                }
              ]
            }
          }
        },
        {
          "name": "Mark Message as Read",
          "request": {
            "method": "PATCH",
            "header": [
              {
                "key": "Authorization",
                "value": "Bearer {{token}}"
              }
            ],
            "url": {
              "raw": "{{baseUrl}}/api/messages/:id/read",
              "host": ["{{baseUrl}}"],
              "path": ["api", "messages", ":id", "read"],
              "variable": [
                {
                  "key": "id",
                  "value": "message_id_here"
                }
              ]
            }
          }
        }
      ]
    },
    {
      "name": "Notifications",
      "item": [
        {
          "name": "Get Notifications",
          "request": {
            "method": "GET",
            "header": [
              {
                "key": "Authorization",
                "value": "Bearer {{token}}"
              }
            ],
            "url": {
              "raw": "{{baseUrl}}/api/notifications?page=1&limit=20&read=false",
              "host": ["{{baseUrl}}"],
              "path": ["api", "notifications"],
              "query": [
                {
                  "key": "page",
                  "value": "1"
                },
                {
                  "key": "limit",
                  "value": "20"
                },
                {
                  "key": "read",
                  "value": "false"
                }
              ]
            }
          }
        },
        {
          "name": "Get Unread Count",
          "request": {
            "method": "GET",
            "header": [
              {
                "key": "Authorization",
                "value": "Bearer {{token}}"
              }
            ],
            "url": {
              "raw": "{{baseUrl}}/api/notifications/unread/count",
              "host": ["{{baseUrl}}"],
              "path": ["api", "notifications", "unread", "count"]
            }
          }
        },
        {
          "name": "Mark All as Read",
          "request": {
            "method": "POST",
            "header": [
              {
                "key": "Authorization",
                "value": "Bearer {{token}}"
              }
            ],
            "url": {
              "raw": "{{baseUrl}}/api/notifications/read-all",
              "host": ["{{baseUrl}}"],
              "path": ["api", "notifications", "read-all"]
            }
          }
        },
        {
          "name": "Update FCM Token",
          "request": {
            "method": "POST",
            "header": [
              {
                "key": "Authorization",
                "value": "Bearer {{token}}"
              },
              {
                "key": "Content-Type",
                "value": "application/json"
              }
            ],
            "body": {
              "mode": "raw",
              "raw": "{\n    \"fcmToken\": \"your_fcm_token_here\"\n}"
            },
            "url": {
              "raw": "{{baseUrl}}/api/notifications/fcm-token",
              "host": ["{{baseUrl}}"],
              "path": ["api", "notifications", "fcm-token"]
            }
          }
        }
      ]
    },
    {
      "name": "File Upload",
      "item": [
        {
          "name": "Upload Single File",
          "request": {
            "method": "POST",
            "header": [
              {
                "key": "Authorization",
                "value": "Bearer {{token}}"
              }
            ],
            "body": {
              "mode": "formdata",
              "formdata": [
                {
                  "key": "file",
                  "type": "file",
                  "src": []
                },
                {
                  "key": "folder",
                  "value": "documents",
                  "type": "text",
                  "description": "Optional: documents, medical-certificates, profile-pictures, referral-attachments"
                }
              ]
            },
            "url": {
              "raw": "{{baseUrl}}/api/upload/file",
              "host": ["{{baseUrl}}"],
              "path": ["api", "upload", "file"]
            },
            "description": "Upload a single file to S3 with optional folder parameter"
          }
        },
        {
          "name": "Upload Multiple Files",
          "request": {
            "method": "POST",
            "header": [
              {
                "key": "Authorization",
                "value": "Bearer {{token}}"
              }
            ],
            "body": {
              "mode": "formdata",
              "formdata": [
                {
                  "key": "files",
                  "type": "file",
                  "src": []
                },
                {
                  "key": "files",
                  "type": "file",
                  "src": []
                },
                {
                  "key": "folder",
                  "value": "documents",
                  "type": "text",
                  "description": "Optional: documents, medical-certificates, profile-pictures, referral-attachments"
                }
              ]
            },
            "url": {
              "raw": "{{baseUrl}}/api/upload/files",
              "host": ["{{baseUrl}}"],
              "path": ["api", "upload", "files"]
            },
            "description": "Upload multiple files to S3 (max 10 files) with optional folder parameter"
          }
        },
        {
          "name": "Delete File from S3",
          "request": {
            "method": "DELETE",
            "header": [
              {
                "key": "Authorization",
                "value": "Bearer {{token}}"
              }
            ],
            "url": {
              "raw": "{{baseUrl}}/api/upload/file/documents/1705123456789-abc123.pdf",
              "host": ["{{baseUrl}}"],
              "path": ["api", "upload", "file", "documents/1705123456789-abc123.pdf"]
            },
            "description": "Delete a file from AWS S3"
          }
        },
        {
          "name": "Get File Info",
          "request": {
            "method": "GET",
            "header": [
              {
                "key": "Authorization",
                "value": "Bearer {{token}}"
              }
            ],
            "url": {
              "raw": "{{baseUrl}}/api/upload/file/documents/1705123456789-abc123.pdf/info",
              "host": ["{{baseUrl}}"],
              "path": ["api", "upload", "file", "documents/1705123456789-abc123.pdf", "info"]
            },
            "description": "Get information about a file in AWS S3"
          }
        }
      ]
    }
  ]
}
