{
  "info": {
    "name": "Admin Soft Delete",
    "schema": "https://schema.getpostman.com/json/collection/v2.1.0/collection.json"
  },
  "item": [
    {
      "name": "Soft Delete Doctor",
      "request": {
        "method": "PATCH",
        "header": [
          { "key": "Authorization", "value": "Bearer {{admin_token}}" },
          { "key": "Content-Type", "value": "application/json" }
        ],
        "url": {
          "raw": "{{base_url}}/api/admin/doctors/{{doctor_id}}/delete",
          "host": ["{{base_url}}"],
          "path": ["api","admin","doctors","{{doctor_id}}","delete"]
        }
      }
    },
    {
      "name": "Restore Doctor",
      "request": {
        "method": "PATCH",
        "header": [
          { "key": "Authorization", "value": "Bearer {{admin_token}}" },
          { "key": "Content-Type", "value": "application/json" }
        ],
        "url": {
          "raw": "{{base_url}}/api/admin/doctors/{{doctor_id}}/restore",
          "host": ["{{base_url}}"],
          "path": ["api","admin","doctors","{{doctor_id}}","restore"]
        }
      }
    },
    {
      "name": "Soft Delete Patient",
      "request": {
        "method": "PATCH",
        "header": [
          { "key": "Authorization", "value": "Bearer {{admin_token}}" },
          { "key": "Content-Type", "value": "application/json" }
        ],
        "url": {
          "raw": "{{base_url}}/api/admin/patients/{{patient_id}}/delete",
          "host": ["{{base_url}}"],
          "path": ["api","admin","patients","{{patient_id}}","delete"]
        }
      }
    },
    {
      "name": "Restore Patient",
      "request": {
        "method": "PATCH",
        "header": [
          { "key": "Authorization", "value": "Bearer {{admin_token}}" },
          { "key": "Content-Type", "value": "application/json" }
        ],
        "url": {
          "raw": "{{base_url}}/api/admin/patients/{{patient_id}}/restore",
          "host": ["{{base_url}}"],
          "path": ["api","admin","patients","{{patient_id}}","restore"]
        }
      }
    },
    {
      "name": "Doctor View Stats (All Doctors)",
      "request": {
        "method": "GET",
        "header": [
          { "key": "Authorization", "value": "Bearer {{admin_token}}" }
        ],
        "url": {
          "raw": "{{base_url}}/api/admin/doctor-view-stats",
          "host": ["{{base_url}}"],
          "path": ["api","admin","doctor-view-stats"]
        }
      }
    }
    ,
    {
      "name": "Recent Activities (Last 30 days)",
      "request": {
        "method": "GET",
        "header": [
          { "key": "Authorization", "value": "Bearer {{admin_token}}" }
        ],
        "url": {
          "raw": "{{base_url}}/api/admin/recent-activities?range=last30&limit=10&page=1",
          "host": ["{{base_url}}"],
          "path": ["api","admin","recent-activities"],
          "query": [
            { "key": "range", "value": "last30" },
            { "key": "limit", "value": "10" },
            { "key": "page", "value": "1" }
          ]
        }
      }
    },
    {
      "name": "Recent Activities (Today)",
      "request": {
        "method": "GET",
        "header": [
          { "key": "Authorization", "value": "Bearer {{admin_token}}" }
        ],
        "url": {
          "raw": "{{base_url}}/api/admin/recent-activities?range=today&limit=10&page=1",
          "host": ["{{base_url}}"],
          "path": ["api","admin","recent-activities"],
          "query": [
            { "key": "range", "value": "today" },
            { "key": "limit", "value": "10" },
            { "key": "page", "value": "1" }
          ]
        }
      }
    },
    {
      "name": "Recent Activities (Last 7 days)",
      "request": {
        "method": "GET",
        "header": [
          { "key": "Authorization", "value": "Bearer {{admin_token}}" }
        ],
        "url": {
          "raw": "{{base_url}}/api/admin/recent-activities?range=last7&limit=10&page=1",
          "host": ["{{base_url}}"],
          "path": ["api","admin","recent-activities"],
          "query": [
            { "key": "range", "value": "last7" },
            { "key": "limit", "value": "10" },
            { "key": "page", "value": "1" }
          ]
        }
      }
    },
    {
      "name": "Recent Activities (Last 1 year)",
      "request": {
        "method": "GET",
        "header": [
          { "key": "Authorization", "value": "Bearer {{admin_token}}" }
        ],
        "url": {
          "raw": "{{base_url}}/api/admin/recent-activities?range=last12months&limit=10&page=1",
          "host": ["{{base_url}}"],
          "path": ["api","admin","recent-activities"],
          "query": [
            { "key": "range", "value": "last12months" },
            { "key": "limit", "value": "10" },
            { "key": "page", "value": "1" }
          ]
        }
      }
    }
    ,
    {
      "name": "All Referrals (Admin) - Last 30 days",
      "request": {
        "method": "GET",
        "header": [
          { "key": "Authorization", "value": "Bearer {{admin_token}}" },
          { "key": "Content-Type", "value": "application/json" }
        ],
        "url": {
          "raw": "{{base_url}}/api/admin/referrals?status=all&range=last30&page=1&limit=10",
          "host": ["{{base_url}}"],
          "path": ["api","admin","referrals"],
          "query": [
            { "key": "status", "value": "all" },
            { "key": "range", "value": "last30" },
            { "key": "page", "value": "1" },
            { "key": "limit", "value": "10" }
          ]
        }
      }
    },
    {
      "name": "All Referrals (Admin) - Filter by Status (accepted)",
      "request": {
        "method": "GET",
        "header": [
          { "key": "Authorization", "value": "Bearer {{admin_token}}" }
        ],
        "url": {
          "raw": "{{base_url}}/api/admin/referrals?status=accepted&range=last30&page=1&limit=10",
          "host": ["{{base_url}}"],
          "path": ["api","admin","referrals"],
          "query": [
            { "key": "status", "value": "accepted" },
            { "key": "range", "value": "last30" },
            { "key": "page", "value": "1" },
            { "key": "limit", "value": "10" }
          ]
        }
      }
    },
    {
      "name": "All Referrals (Admin) - Search patientName",
      "request": {
        "method": "GET",
        "header": [
          { "key": "Authorization", "value": "Bearer {{admin_token}}" }
        ],
        "url": {
          "raw": "{{base_url}}/api/admin/referrals?status=all&range=last30&search=John&page=1&limit=10",
          "host": ["{{base_url}}"],
          "path": ["api","admin","referrals"],
          "query": [
            { "key": "status", "value": "all" },
            { "key": "range", "value": "last30" },
            { "key": "search", "value": "John" },
            { "key": "page", "value": "1" },
            { "key": "limit", "value": "10" }
          ]
        }
      }
    },
    {
      "name": "Doctor View Patients (Default)",
      "request": {
        "method": "GET",
        "header": [
          { "key": "Authorization", "value": "Bearer {{admin_token}}" }
        ],
        "url": {
          "raw": "{{base_url}}/api/admin/doctor-view-stats/{{doctor_id}}/patients?page=1&limit=10",
          "host": ["{{base_url}}"],
          "path": ["api","admin","doctor-view-stats","{{doctor_id}}","patients"],
          "query": [
            { "key": "page", "value": "1" },
            { "key": "limit", "value": "10" }
          ]
        }
      }
    },
    {
      "name": "Doctor View Patients (Search)",
      "request": {
        "method": "GET",
        "header": [
          { "key": "Authorization", "value": "Bearer {{admin_token}}" }
        ],
        "url": {
          "raw": "{{base_url}}/api/admin/doctor-view-stats/{{doctor_id}}/patients?search=john&page=1&limit=10",
          "host": ["{{base_url}}"],
          "path": ["api","admin","doctor-view-stats","{{doctor_id}}","patients"],
          "query": [
            { "key": "search", "value": "john" },
            { "key": "page", "value": "1" },
            { "key": "limit", "value": "10" }
          ]
        }
      }
    },
    {
      "name": "Doctor View Patients (Sort by lastViewedAt)",
      "request": {
        "method": "GET",
        "header": [
          { "key": "Authorization", "value": "Bearer {{admin_token}}" }
        ],
        "url": {
          "raw": "{{base_url}}/api/admin/doctor-view-stats/{{doctor_id}}/patients?sortBy=lastViewedAt&sortOrder=desc&page=1&limit=10",
          "host": ["{{base_url}}"],
          "path": ["api","admin","doctor-view-stats","{{doctor_id}}","patients"],
          "query": [
            { "key": "sortBy", "value": "lastViewedAt" },
            { "key": "sortOrder", "value": "desc" },
            { "key": "page", "value": "1" },
            { "key": "limit", "value": "10" }
          ]
        }
      }
    }
  ]
}
