{
  "info": {
    "name": "Kappu Doctor App - Complete API Collection 8",
    "description": "Complete API collection for Kappu Doctor App including doctor, patient, admin, and referral management",
    "schema": "https://schema.getpostman.com/json/collection/v2.1.0/collection.json"
  },
  "variable": [
    {
      "key": "base_url",
      "value": "https://rendernodedeployment.onrender.com"
    },
    {
      "key": "doctor_token",
      "value": "your_doctor_jwt_token_here"
    },
    {
      "key": "patient_token",
      "value": "your_patient_jwt_token_here"
    },
    {
      "key": "admin_token",
      "value": "your_admin_jwt_token_here"
    },
    {
      "key": "doctor_id",
      "value": "doctor_id_here"
    },
    {
      "key": "patient_id",
      "value": "patient_id_here"
    },
    {
      "key": "query_id",
      "value": "query_id_here"
    }
  ],
  "item": [
    {
      "name": "Authentication",
      "item": [
        {
          "name": "Doctor Registration",
          "request": {
            "method": "POST",
            "header": [
              {
                "key": "Content-Type",
                "value": "application/json"
              }
            ],
            "body": {
              "mode": "raw",
              "raw": "{\n  \"firstName\": \"John\",\n  \"middleName\": \"\",\n  \"lastName\": \"Doe\",\n  \"gender\": \"male\",\n  \"dateOfBirth\": \"1980-01-01\",\n  \"contactNumber1\": \"+911234567890\",\n  \"contactNumber2\": \"+911234567891\",\n  \"showContactDetails\": true,\n  \"address\": {\n    \"city\": \"Mumbai\",\n    \"state\": \"Maharashtra\",\n    \"country\": \"India\"\n  },\n  \"email\": \"john.doe@example.com\",\n  \"medicalLicenseNumber\": \"MCI123456\",\n  \"medicalDegrees\": [\"MBBS\", \"MD\"],\n  \"specialization\": \"Cardiology\",\n  \"hospitals\": [\n    {\n      \"name\": \"City Hospital\",\n      \"address\": \"123 Main St\",\n      \"city\": \"Mumbai\",\n      \"state\": \"Maharashtra\",\n      \"country\": \"India\"\n    }\n  ],\n  \"clinicAddress\": {\n    \"address\": \"456 Clinic St\",\n    \"city\": \"Mumbai\",\n    \"state\": \"Maharashtra\",\n    \"country\": \"India\"\n  },\n  \"practiceStartDate\": \"2010-01-01\",\n  \"treatedDiseases\": [\"Heart Disease\", \"Hypertension\"],\n  \"documents\": {\n    \"medicalCertificates\": [\"url1\"],\n    \"casteCertificate\": \"url2\",\n    \"identificationProof\": \"url3\"\n  },\n  \"communityDetails\": {\n    \"kapuAffiliation\": true,\n    \"communityReferrals\": [\"ref1\", \"ref2\"]\n  },\n  \"communicationPreferences\": {\n    \"notificationPreference\": true,\n    \"emailCommunication\": true\n  },\n  \"password\": \"securePassword123\"\n}",
              "options": {
                "raw": {
                  "language": "json"
                }
              }
            },
            "url": {
              "raw": "{{base_url}}/api/auth/doctor/register",
              "host": ["{{base_url}}"],
              "path": ["api", "auth", "doctor", "register"]
            }
          },
          "response": []
        },
        {
          "name": "Doctor Login (Passwordless)",
          "request": {
            "method": "POST",
            "header": [
              {
                "key": "Content-Type",
                "value": "application/json"
              }
            ],
            "body": {
              "mode": "raw",
              "raw": "{\n  \"email\": \"john.doe@example.com\",\n  \"fcmToken\": \"fcm_token_here\",\n  \"deviceType\": \"android\",\n  \"appVersion\": \"1.0.0\"\n}",
              "options": {
                "raw": {
                  "language": "json"
                }
              }
            },
            "url": {
              "raw": "{{base_url}}/api/auth/doctor/login",
              "host": ["{{base_url}}"],
              "path": ["api", "auth", "doctor", "login"]
            }
          },
          "response": []
        },
        {
          "name": "Universal Login (with password)",
          "request": {
            "method": "POST",
            "header": [
              {
                "key": "Content-Type",
                "value": "application/json"
              }
            ],
            "body": {
              "mode": "raw",
              "raw": "{\n  \"email\": \"john.doe@example.com\",\n  \"password\": \"securePassword123\",\n  \"fcmToken\": \"fcm_token_here\",\n  \"deviceType\": \"android\",\n  \"appVersion\": \"1.0.0\"\n}",
              "options": {
                "raw": {
                  "language": "json"
                }
              }
            },
            "url": {
              "raw": "{{base_url}}/api/auth/login",
              "host": ["{{base_url}}"],
              "path": ["api", "auth", "login"]
            }
          },
          "response": []
        },
        {
          "name": "Set Password",
          "request": {
            "method": "POST",
            "header": [
              {
                "key": "Content-Type",
                "value": "application/json"
              },
              {
                "key": "Authorization",
                "value": "Bearer {{doctor_token}}"
              }
            ],
            "body": {
              "mode": "raw",
              "raw": "{\n  \"password\": \"newSecurePassword123\"\n}",
              "options": {
                "raw": {
                  "language": "json"
                }
              }
            },
            "url": {
              "raw": "{{base_url}}/api/auth/set-password",
              "host": ["{{base_url}}"],
              "path": ["api", "auth", "set-password"]
            }
          },
          "response": []
        },
        {
          "name": "Update FCM Token",
          "request": {
            "method": "POST",
            "header": [
              {
                "key": "Content-Type",
                "value": "application/json"
              },
              {
                "key": "Authorization",
                "value": "Bearer {{doctor_token}}"
              }
            ],
            "body": {
              "mode": "raw",
              "raw": "{\n  \"fcmToken\": \"new_fcm_token_here\",\n  \"deviceType\": \"android\",\n  \"appVersion\": \"1.0.0\"\n}",
              "options": {
                "raw": {
                  "language": "json"
                }
              }
            },
            "url": {
              "raw": "{{base_url}}/api/auth/update-fcm-token",
              "host": ["{{base_url}}"],
              "path": ["api", "auth", "update-fcm-token"]
            }
          },
          "response": []
        },
        {
          "name": "Get Profile",
          "request": {
            "method": "GET",
            "header": [
              {
                "key": "Authorization",
                "value": "Bearer {{doctor_token}}"
              }
            ],
            "url": {
              "raw": "{{base_url}}/api/auth/profile",
              "host": ["{{base_url}}"],
              "path": ["api", "auth", "profile"]
            }
          },
          "response": [
            {
              "name": "Success Response",
              "originalRequest": {
                "method": "GET",
                "header": [
                  {
                    "key": "Authorization",
                    "value": "Bearer {{doctor_token}}"
                  }
                ],
                "url": {
                  "raw": "{{base_url}}/api/auth/profile",
                  "host": ["{{base_url}}"],
                  "path": ["api", "auth", "profile"]
                }
              },
              "status": "OK",
              "code": 200,
              "_postman_previewlanguage": "json",
              "header": [
                {
                  "key": "Content-Type",
                  "value": "application/json"
                }
              ],
              "cookie": [],
              "body": "{\n  \"user\": {\n    \"_id\": \"68873ecbdbdfb5f783864a95\",\n    \"firstName\": \"John\",\n    \"middleName\": \"Michael\",\n    \"lastName\": \"Doe\",\n    \"fullName\": \"Dr. John Michael Doe\",\n    \"gender\": \"male\",\n    \"dateOfBirth\": \"1980-01-01T00:00:00.000Z\",\n    \"contactNumber1\": \"+911234567890\",\n    \"contactNumber2\": \"+911234567891\",\n    \"showContactDetails\": true,\n    \"email\": \"john.doe@example.com\",\n    \"homeAddress\": {\n      \"street\": \"123 Medical Street\",\n      \"city\": \"Mumbai\",\n      \"state\": \"Maharashtra\",\n      \"country\": \"India\",\n      \"pincode\": \"400001\"\n    },\n    \"medicalLicenseNumber\": \"MCI123456\",\n    \"medicalDegrees\": [\"MBBS\", \"MD\", \"Cardiology\"],\n    \"specialization\": \"Cardiology\",\n    \"hospitals\": [\n      {\n        \"name\": \"City General Hospital\",\n        \"address\": {\n          \"street\": \"456 Hospital Road\",\n          \"city\": \"Mumbai\",\n          \"state\": \"Maharashtra\",\n          \"country\": \"India\"\n        }\n      },\n      {\n        \"name\": \"Heart Care Center\",\n        \"address\": {\n          \"street\": \"789 Cardiac Lane\",\n          \"city\": \"Mumbai\",\n          \"state\": \"Maharashtra\",\n          \"country\": \"India\"\n        }\n      },\n      {\n        \"name\": \"Medical Center Plus\",\n        \"address\": {\n          \"street\": \"321 Health Avenue\",\n          \"city\": \"Mumbai\",\n          \"state\": \"Maharashtra\",\n          \"country\": \"India\"\n        }\n      }\n    ],\n    \"clinicAddress\": {\n      \"street\": \"321 Clinic Street\",\n      \"city\": \"Mumbai\",\n      \"state\": \"Maharashtra\",\n      \"country\": \"India\"\n    },\n    \"practiceStartDate\": \"2010-01-01T00:00:00.000Z\",\n    \"treatedDiseases\": [\"Heart Disease\", \"Hypertension\", \"Arrhythmia\", \"Coronary Artery Disease\"],\n    \"documents\": {\n      \"medicalCertificates\": [\"https://example.com/cert1.pdf\", \"https://example.com/cert2.pdf\"],\n      \"casteCertificate\": \"https://example.com/caste.pdf\",\n      \"identificationProof\": \"https://example.com/id.pdf\"\n    },\n    \"communityDetails\": {\n      \"kapuCommunityAffiliation\": true,\n      \"communityReferrals\": [\n        {\n          \"name\": \"Dr. Rajesh Kumar\",\n          \"relationship\": \"Colleague\",\n          \"contactNumber\": \"+919876543210\"\n        },\n        {\n          \"name\": \"Dr. Priya Sharma\",\n          \"relationship\": \"Mentor\",\n          \"contactNumber\": \"+919876543211\"\n        }\n      ]\n    },\n    \"communicationPreferences\": {\n      \"notificationPreference\": true,\n      \"emailCommunication\": true\n    },\n    \"role\": \"doctor\",\n    \"verificationStatus\": \"pending\",\n    \"nmcValidated\": false,\n    \"profileCompletion\": 95,\n    \"myReferralCode\": \"ABC12345\",\n    \"referredBy\": null,\n    \"referralInfo\": {\n      \"myReferralCode\": \"ABC12345\",\n      \"referredBy\": null\n    },\n    \"createdAt\": \"2024-01-15T10:30:00.000Z\",\n    \"updatedAt\": \"2024-01-20T14:45:00.000Z\"\n  },\n  \"profileCompletion\": 95\n}"
            }
          ]
        },
        {
          "name": "Update Profile",
          "request": {
            "method": "PATCH",
            "header": [
              {
                "key": "Content-Type",
                "value": "application/json"
              },
              {
                "key": "Authorization",
                "value": "Bearer {{doctor_token}}"
              }
            ],
            "body": {
              "mode": "raw",
              "raw": "{\n  \"firstName\": \"John\",\n  \"middleName\": \"Michael\",\n  \"lastName\": \"Doe\",\n  \"gender\": \"male\",\n  \"dateOfBirth\": \"1980-01-01\",\n  \"contactNumber1\": \"+911234567890\",\n  \"contactNumber2\": \"+911234567891\",\n  \"showContactDetails\": true,\n  \"homeAddress\": {\n    \"street\": \"123 Medical Street\",\n    \"city\": \"Mumbai\",\n    \"state\": \"Maharashtra\",\n    \"country\": \"India\",\n    \"pincode\": \"400001\"\n  },\n  \"medicalLicenseNumber\": \"MCI123456\",\n  \"medicalDegrees\": [\"MBBS\", \"MD\", \"Cardiology\"],\n  \"specialization\": \"Cardiology\",\n  \"hospitals\": [\n    {\n      \"name\": \"City General Hospital\",\n      \"address\": {\n        \"street\": \"456 Hospital Road\",\n        \"city\": \"Mumbai\",\n        \"state\": \"Maharashtra\",\n        \"country\": \"India\"\n      }\n    },\n    {\n      \"name\": \"Heart Care Center\",\n      \"address\": {\n        \"street\": \"789 Cardiac Lane\",\n        \"city\": \"Mumbai\",\n        \"state\": \"Maharashtra\",\n        \"country\": \"India\"\n      }\n    },\n    {\n      \"name\": \"Medical Center Plus\",\n      \"address\": {\n        \"street\": \"321 Health Avenue\",\n        \"city\": \"Mumbai\",\n        \"state\": \"Maharashtra\",\n        \"country\": \"India\"\n      }\n    }\n  ],\n  \"clinicAddress\": {\n    \"street\": \"321 Clinic Street\",\n    \"city\": \"Mumbai\",\n    \"state\": \"Maharashtra\",\n    \"country\": \"India\"\n  },\n  \"practiceStartDate\": \"2010-01-01\",\n  \"treatedDiseases\": [\"Heart Disease\", \"Hypertension\", \"Arrhythmia\", \"Coronary Artery Disease\"],\n  \"documents\": {\n    \"medicalCertificates\": [\"https://example.com/cert1.pdf\", \"https://example.com/cert2.pdf\"],\n    \"casteCertificate\": \"https://example.com/caste.pdf\",\n    \"identificationProof\": \"https://example.com/id.pdf\"\n  },\n  \"communityDetails\": {\n    \"kapuCommunityAffiliation\": true,\n    \"communityReferrals\": [\n      {\n        \"name\": \"Dr. Rajesh Kumar\",\n        \"relationship\": \"Colleague\",\n        \"contactNumber\": \"+919876543210\"\n      },\n      {\n        \"name\": \"Dr. Priya Sharma\",\n        \"relationship\": \"Mentor\",\n        \"contactNumber\": \"+919876543211\"\n      }\n    ]\n  },\n  \"communicationPreferences\": {\n    \"notificationPreference\": true,\n    \"emailCommunication\": true\n  }\n}",
              "options": {
                "raw": {
                  "language": "json"
                }
              }
            },
            "url": {
              "raw": "{{base_url}}/api/auth/profile",
              "host": ["{{base_url}}"],
              "path": ["api", "auth", "profile"]
            }
          },
          "response": [
            {
              "name": "Success Response",
              "originalRequest": {
                "method": "PATCH",
                "header": [
                  {
                    "key": "Content-Type",
                    "value": "application/json"
                  },
                  {
                    "key": "Authorization",
                    "value": "Bearer {{doctor_token}}"
                  }
                ],
                "body": {
                  "mode": "raw",
                  "raw": "{\n  \"firstName\": \"John\",\n  \"middleName\": \"Michael\",\n  \"lastName\": \"Doe\",\n  \"gender\": \"male\",\n  \"dateOfBirth\": \"1980-01-01\",\n  \"contactNumber1\": \"+911234567890\",\n  \"contactNumber2\": \"+911234567891\",\n  \"showContactDetails\": true,\n  \"homeAddress\": {\n    \"street\": \"123 Medical Street\",\n    \"city\": \"Mumbai\",\n    \"state\": \"Maharashtra\",\n    \"country\": \"India\",\n    \"pincode\": \"400001\"\n  },\n  \"medicalLicenseNumber\": \"MCI123456\",\n  \"medicalDegrees\": [\"MBBS\", \"MD\", \"Cardiology\"],\n  \"specialization\": \"Cardiology\",\n  \"hospitals\": [\n    {\n      \"name\": \"City General Hospital\",\n      \"address\": {\n        \"street\": \"456 Hospital Road\",\n        \"city\": \"Mumbai\",\n        \"state\": \"Maharashtra\",\n        \"country\": \"India\"\n      }\n    },\n    {\n      \"name\": \"Heart Care Center\",\n      \"address\": {\n        \"street\": \"789 Cardiac Lane\",\n        \"city\": \"Mumbai\",\n        \"state\": \"Maharashtra\",\n        \"country\": \"India\"\n      }\n    },\n    {\n      \"name\": \"Medical Center Plus\",\n      \"address\": {\n        \"street\": \"321 Health Avenue\",\n        \"city\": \"Mumbai\",\n        \"state\": \"Maharashtra\",\n        \"country\": \"India\"\n      }\n    }\n  ],\n  \"clinicAddress\": {\n    \"street\": \"321 Clinic Street\",\n    \"city\": \"Mumbai\",\n    \"state\": \"Maharashtra\",\n    \"country\": \"India\"\n  },\n  \"practiceStartDate\": \"2010-01-01\",\n  \"treatedDiseases\": [\"Heart Disease\", \"Hypertension\", \"Arrhythmia\", \"Coronary Artery Disease\"],\n  \"documents\": {\n    \"medicalCertificates\": [\"https://example.com/cert1.pdf\", \"https://example.com/cert2.pdf\"],\n    \"casteCertificate\": \"https://example.com/caste.pdf\",\n    \"identificationProof\": \"https://example.com/id.pdf\"\n  },\n  \"communityDetails\": {\n    \"kapuCommunityAffiliation\": true,\n    \"communityReferrals\": [\n      {\n        \"name\": \"Dr. Rajesh Kumar\",\n        \"relationship\": \"Colleague\",\n        \"contactNumber\": \"+919876543210\"\n      },\n      {\n        \"name\": \"Dr. Priya Sharma\",\n        \"relationship\": \"Mentor\",\n        \"contactNumber\": \"+919876543211\"\n      }\n    ]\n  },\n  \"communicationPreferences\": {\n    \"notificationPreference\": true,\n    \"emailCommunication\": true\n  }\n}",
                  "options": {
                    "raw": {
                      "language": "json"
                    }
                  }
                },
                "url": {
                  "raw": "{{base_url}}/api/auth/profile",
                  "host": ["{{base_url}}"],
                  "path": ["api", "auth", "profile"]
                }
              },
              "status": "OK",
              "code": 200,
              "_postman_previewlanguage": "json",
              "header": [
                {
                  "key": "Content-Type",
                  "value": "application/json"
                }
              ],
              "cookie": [],
              "body": "{\n  \"message\": \"Profile updated successfully\",\n  \"user\": {\n    \"_id\": \"68873ecbdbdfb5f783864a95\",\n    \"firstName\": \"John\",\n    \"middleName\": \"Michael\",\n    \"lastName\": \"Doe\",\n    \"fullName\": \"Dr. John Michael Doe\",\n    \"gender\": \"male\",\n    \"dateOfBirth\": \"1980-01-01T00:00:00.000Z\",\n    \"contactNumber1\": \"+911234567890\",\n    \"contactNumber2\": \"+911234567891\",\n    \"showContactDetails\": true,\n    \"email\": \"john.doe@example.com\",\n    \"homeAddress\": {\n      \"street\": \"123 Medical Street\",\n      \"city\": \"Mumbai\",\n      \"state\": \"Maharashtra\",\n      \"country\": \"India\",\n      \"pincode\": \"400001\"\n    },\n    \"medicalLicenseNumber\": \"MCI123456\",\n    \"medicalDegrees\": [\"MBBS\", \"MD\", \"Cardiology\"],\n    \"specialization\": \"Cardiology\",\n    \"hospitalName1\": \"City General Hospital\",\n    \"hospitalAddress1\": {\n      \"street\": \"456 Hospital Road\",\n      \"city\": \"Mumbai\",\n      \"state\": \"Maharashtra\",\n      \"country\": \"India\"\n    },\n    \"hospitalName2\": \"Heart Care Center\",\n    \"hospitalAddress2\": {\n      \"street\": \"789 Cardiac Lane\",\n      \"city\": \"Mumbai\",\n      \"state\": \"Maharashtra\",\n      \"country\": \"India\"\n    },\n    \"clinicAddress\": {\n      \"street\": \"321 Clinic Street\",\n      \"city\": \"Mumbai\",\n      \"state\": \"Maharashtra\",\n      \"country\": \"India\"\n    },\n    \"practiceStartDate\": \"2010-01-01T00:00:00.000Z\",\n    \"treatedDiseases\": [\"Heart Disease\", \"Hypertension\", \"Arrhythmia\", \"Coronary Artery Disease\"],\n    \"documents\": {\n      \"medicalCertificates\": [\"https://example.com/cert1.pdf\", \"https://example.com/cert2.pdf\"],\n      \"casteCertificate\": \"https://example.com/caste.pdf\",\n      \"identificationProof\": \"https://example.com/id.pdf\"\n    },\n    \"communityDetails\": {\n      \"kapuCommunityAffiliation\": true,\n      \"communityReferrals\": [\n        {\n          \"name\": \"Dr. Rajesh Kumar\",\n          \"relationship\": \"Colleague\",\n          \"contactNumber\": \"+919876543210\"\n        },\n        {\n          \"name\": \"Dr. Priya Sharma\",\n          \"relationship\": \"Mentor\",\n          \"contactNumber\": \"+919876543211\"\n        }\n      ]\n    },\n    \"communicationPreferences\": {\n      \"notificationPreference\": true,\n      \"emailCommunication\": true\n    },\n    \"role\": \"doctor\",\n    \"verificationStatus\": \"pending\",\n    \"nmcValidated\": false,\n    \"profileCompletion\": 95,\n    \"myReferralCode\": \"ABC12345\",\n    \"referredBy\": null,\n    \"createdAt\": \"2024-01-15T10:30:00.000Z\",\n    \"updatedAt\": \"2024-01-20T14:45:00.000Z\"\n  },\n  \"profileCompletion\": 95\n}"
            }
          ]
        },
        {
          "name": "Admin Login",
          "request": {
            "method": "POST",
            "header": [
              {
                "key": "Content-Type",
                "value": "application/json"
              }
            ],
            "body": {
              "mode": "raw",
              "raw": "{\n  \"email\": \"admin@kappudoctor.com\",\n  \"password\": \"adminPassword123\",\n  \"fcmToken\": \"fcm_token_here\",\n  \"deviceType\": \"android\",\n  \"appVersion\": \"1.0.0\"\n}",
              "options": {
                "raw": {
                  "language": "json"
                }
              }
            },
            "url": {
              "raw": "{{base_url}}/api/auth/admin/login",
              "host": ["{{base_url}}"],
              "path": ["api", "auth", "admin", "login"]
            }
          },
          "response": []
        }
      ]
    },
    {
      "name": "Patient Authentication (OTP-based)",
      "item": [
        {
          "name": "Request OTP",
          "request": {
            "method": "POST",
            "header": [
              {
                "key": "Content-Type",
                "value": "application/json"
              }
            ],
            "body": {
              "mode": "raw",
              "raw": "{\n  \"phoneNumber\": \"+911234567890\"\n}",
              "options": {
                "raw": {
                  "language": "json"
                }
              }
            },
            "url": {
              "raw": "{{base_url}}/api/patient/auth/request-otp",
              "host": ["{{base_url}}"],
              "path": ["api", "patient", "auth", "request-otp"]
            }
          },
          "response": []
        },
        {
          "name": "Verify OTP and Login",
          "request": {
            "method": "POST",
            "header": [
              {
                "key": "Content-Type",
                "value": "application/json"
              }
            ],
            "body": {
              "mode": "raw",
              "raw": "{\n  \"phoneNumber\": \"+911234567890\",\n  \"otp\": \"123456\",\n  \"fcmToken\": \"fcm_token_here\",\n  \"deviceType\": \"android\",\n  \"appVersion\": \"1.0.0\"\n}",
              "options": {
                "raw": {
                  "language": "json"
                }
              }
            },
            "url": {
              "raw": "{{base_url}}/api/patient/auth/verify-otp",
              "host": ["{{base_url}}"],
              "path": ["api", "patient", "auth", "verify-otp"]
            }
          },
          "response": []
        },
        {
          "name": "Update Patient FCM Token",
          "request": {
            "method": "POST",
            "header": [
              {
                "key": "Content-Type",
                "value": "application/json"
              },
              {
                "key": "Authorization",
                "value": "Bearer {{patient_token}}"
              }
            ],
            "body": {
              "mode": "raw",
              "raw": "{\n  \"fcmToken\": \"new_fcm_token_here\",\n  \"deviceType\": \"android\",\n  \"appVersion\": \"1.0.0\"\n}",
              "options": {
                "raw": {
                  "language": "json"
                }
              }
            },
            "url": {
              "raw": "{{base_url}}/api/patient/auth/update-fcm-token",
              "host": ["{{base_url}}"],
              "path": ["api", "patient", "auth", "update-fcm-token"]
            }
          },
          "response": []
        },
        {
          "name": "Get Patient Profile",
          "request": {
            "method": "GET",
            "header": [
              {
                "key": "Authorization",
                "value": "Bearer {{patient_token}}"
              }
            ],
            "url": {
              "raw": "{{base_url}}/api/patient/auth/profile",
              "host": ["{{base_url}}"],
              "path": ["api", "patient", "auth", "profile"]
            }
          },
          "response": []
        },
        {
          "name": "Update Patient Profile",
          "request": {
            "method": "PATCH",
            "header": [
              {
                "key": "Content-Type",
                "value": "application/json"
              },
              {
                "key": "Authorization",
                "value": "Bearer {{patient_token}}"
              }
            ],
            "body": {
              "mode": "raw",
              "raw": "{\n  \"name\": \"John Doe\",\n  \"email\": \"john@example.com\",\n  \"age\": 30,\n  \"gender\": \"male\",\n  \"address\": {\n    \"street\": \"123 Main St\",\n    \"city\": \"Mumbai\",\n    \"state\": \"Maharashtra\",\n    \"pincode\": \"400001\"\n  }\n}",
              "options": {
                "raw": {
                  "language": "json"
                }
              }
            },
            "url": {
              "raw": "{{base_url}}/api/patient/auth/profile",
              "host": ["{{base_url}}"],
              "path": ["api", "patient", "auth", "profile"]
            }
          },
          "response": []
        }
      ]
    },
    {
      "name": "Referral Management",
      "item": [
        {
          "name": "Create Referral",
          "request": {
            "method": "POST",
            "header": [
              {
                "key": "Content-Type",
                "value": "application/json"
              },
              {
                "key": "Authorization",
                "value": "Bearer {{doctor_token}}"
              }
            ],
            "body": {
              "mode": "raw",
              "raw": "{\n  \"referredDoctor\": \"{{doctor_id}}\",\n  \"patientName\": \"John Smith\",\n  \"patientPhone\": \"+911234567890\",\n  \"reason\": \"Cardiac consultation required\",\n  \"notes\": \"Patient has chest pain and shortness of breath\",\n  \"medicalHistory\": \"Hypertension for 5 years, diabetes for 2 years\",\n  \"attachments\": [\"url1\", \"url2\"]\n}",
              "options": {
                "raw": {
                  "language": "json"
                }
              }
            },
            "url": {
              "raw": "{{base_url}}/api/referrals",
              "host": ["{{base_url}}"],
              "path": ["api", "referrals"]
            }
          },
          "response": []
        },
        {
          "name": "Get All Referrals",
          "request": {
            "method": "GET",
            "header": [
              {
                "key": "Authorization",
                "value": "Bearer {{doctor_token}}"
              }
            ],
            "url": {
              "raw": "{{base_url}}/api/referrals",
              "host": ["{{base_url}}"],
              "path": ["api", "referrals"]
            }
          },
          "response": [
            {
              "name": "Success Response",
              "originalRequest": {
                "method": "GET",
                "header": [
                  {
                    "key": "Authorization",
                    "value": "Bearer {{doctor_token}}"
                  }
                ],
                "url": {
                  "raw": "{{base_url}}/api/referrals",
                  "host": ["{{base_url}}"],
                  "path": ["api", "referrals"]
                }
              },
              "status": "OK",
              "code": 200,
              "_postman_previewlanguage": "json",
              "header": [
                {
                  "key": "Content-Type",
                  "value": "application/json"
                }
              ],
              "body": "{\n  \"sent\": [\n    {\n      \"_id\": \"referral_id_1\",\n      \"patientName\": \"John Smith\",\n      \"referredDoctor\": {\n        \"_id\": \"doctor_id_2\",\n        \"fullName\": \"Dr. Jane Doe\"\n      },\n      \"patientReached\": false,\n      ...\n    }\n  ],\n  \"received\": [\n    {\n      \"_id\": \"referral_id_2\",\n      \"patientName\": \"Alice Brown\",\n      \"referringDoctor\": {\n        \"_id\": \"doctor_id_3\",\n        \"fullName\": \"Dr. Sam Lee\"\n      },\n      \"patientReached\": true,\n      ...\n    }\n  ]\n}"
            }
          ]
        },
        {
          "name": "Mark Patient as Reached",
          "request": {
            "method": "PATCH",
            "header": [
              {
                "key": "Authorization",
                "value": "Bearer {{doctor_token}}"
              }
            ],
            "url": {
              "raw": "{{base_url}}/api/referrals/{{referral_id}}/patient-reached",
              "host": ["{{base_url}}"],
              "path": ["api", "referrals", "{{referral_id}}", "patient-reached"]
            }
          },
          "response": [
            {
              "name": "Success Response",
              "originalRequest": {
                "method": "PATCH",
                "header": [
                  {
                    "key": "Authorization",
                    "value": "Bearer {{doctor_token}}"
                  }
                ],
                "url": {
                  "raw": "{{base_url}}/api/referrals/{{referral_id}}/patient-reached",
                  "host": ["{{base_url}}"],
                  "path": ["api", "referrals", "{{referral_id}}", "patient-reached"]
                }
              },
              "status": "OK",
              "code": 200,
              "_postman_previewlanguage": "json",
              "header": [
                {
                  "key": "Content-Type",
                  "value": "application/json"
                }
              ],
              "body": "{\n  \"_id\": \"referral_id_2\",\n  \"patientName\": \"Alice Brown\",\n  \"patientReached\": true,\n  ...\n}"
            }
          ]
        },
        {
          "name": "Get Referrals by Status",
          "request": {
            "method": "GET",
            "header": [
              {
                "key": "Authorization",
                "value": "Bearer {{doctor_token}}"
              }
            ],
            "url": {
              "raw": "{{base_url}}/api/referrals?status=pending",
              "host": ["{{base_url}}"],
              "path": ["api", "referrals"],
              "query": [
                {
                  "key": "status",
                  "value": "pending"
                }
              ]
            }
          },
          "response": []
        },
        {
          "name": "Get Referrals by Type",
          "request": {
            "method": "GET",
            "header": [
              {
                "key": "Authorization",
                "value": "Bearer {{doctor_token}}"
              }
            ],
            "url": {
              "raw": "{{base_url}}/api/referrals?type=sent",
              "host": ["{{base_url}}"],
              "path": ["api", "referrals"],
              "query": [
                {
                  "key": "type",
                  "value": "sent"
                }
              ]
            }
          },
          "response": []
        },
        {
          "name": "Get Specific Referral",
          "request": {
            "method": "GET",
            "header": [
              {
                "key": "Authorization",
                "value": "Bearer {{doctor_token}}"
              }
            ],
            "url": {
              "raw": "{{base_url}}/api/referrals/referral_id_here",
              "host": ["{{base_url}}"],
              "path": ["api", "referrals", "referral_id_here"]
            }
          },
          "response": []
        },
        {
          "name": "Update Referral Status",
          "request": {
            "method": "PATCH",
            "header": [
              {
                "key": "Content-Type",
                "value": "application/json"
              },
              {
                "key": "Authorization",
                "value": "Bearer {{doctor_token}}"
              }
            ],
            "body": {
              "mode": "raw",
              "raw": "{\n  \"status\": \"accepted\"\n}",
              "options": {
                "raw": {
                  "language": "json"
                }
              }
            },
            "url": {
              "raw": "{{base_url}}/api/referrals/referral_id_here/status",
              "host": ["{{base_url}}"],
              "path": ["api", "referrals", "referral_id_here", "status"]
            }
          },
          "response": []
        },
        {
          "name": "Add Notes to Referral",
          "request": {
            "method": "PATCH",
            "header": [
              {
                "key": "Content-Type",
                "value": "application/json"
              },
              {
                "key": "Authorization",
                "value": "Bearer {{doctor_token}}"
              }
            ],
            "body": {
              "mode": "raw",
              "raw": "{\n  \"notes\": \"Patient condition has improved after initial consultation\"\n}",
              "options": {
                "raw": {
                  "language": "json"
                }
              }
            },
            "url": {
              "raw": "{{base_url}}/api/referrals/referral_id_here/notes",
              "host": ["{{base_url}}"],
              "path": ["api", "referrals", "referral_id_here", "notes"]
            }
          },
          "response": []
        },
        {
          "name": "Get Referral Statistics",
          "request": {
            "method": "GET",
            "header": [
              {
                "key": "Authorization",
                "value": "Bearer {{doctor_token}}"
              }
            ],
            "url": {
              "raw": "{{base_url}}/api/referrals/stats/summary",
              "host": ["{{base_url}}"],
              "path": ["api", "referrals", "stats", "summary"]
            }
          },
          "response": []
        }
      ]
    },
    {
      "name": "Dashboard APIs",
      "item": [
        {
          "name": "Get Doctor Dashboard",
          "request": {
            "method": "GET",
            "header": [
              {
                "key": "Authorization",
                "value": "Bearer {{doctor_token}}"
              }
            ],
            "url": {
              "raw": "{{base_url}}/api/dashboard/doctor",
              "host": ["{{base_url}}"],
              "path": ["api", "dashboard", "doctor"]
            }
          },
          "response": []
        },
        {
          "name": "Get Doctor Stats",
          "request": {
            "method": "GET",
            "header": [
              {
                "key": "Authorization",
                "value": "Bearer {{doctor_token}}"
              }
            ],
            "url": {
              "raw": "{{base_url}}/api/doctors/stats/{{doctor_id}}",
              "host": ["{{base_url}}"],
              "path": ["api", "doctors", "stats", "{{doctor_id}}"]
            },
            "description": "Returns doctor-specific statistics including total referrals sent/received, pending referrals, and unread messages"
          },
          "response": []
        },
        {
          "name": "Get Doctor Stats Details",
          "request": {
            "method": "GET",
            "header": [
              {
                "key": "Authorization",
                "value": "Bearer {{doctor_token}}"
              }
            ],
            "url": {
              "raw": "{{base_url}}/api/doctors/statsDetails/{{doctor_id}}",
              "host": ["{{base_url}}"],
              "path": ["api", "doctors", "statsDetails", "{{doctor_id}}"]
            },
            "description": "Returns doctor-specific statistics including total referrals sent/received, pending referrals, unread messages, and arrays of referring and referred doctors"
          },
          "response": []
        },
        {
          "name": "Get Doctor Profile",
          "request": {
            "method": "GET",
            "header": [
              {
                "key": "Authorization",
                "value": "Bearer {{doctor_token}}"
              }
            ],
            "url": {
              "raw": "{{base_url}}/api/doctors/profile",
              "host": ["{{base_url}}"],
              "path": ["api", "doctors", "profile"]
            },
            "description": "Returns comprehensive doctor profile data including registration data, profile completion data, referral info, communication preferences, device info, and completion status"
          },
          "response": [
            {
              "name": "Success Response",
              "originalRequest": {
                "method": "GET",
                "header": [
                  {
                    "key": "Authorization",
                    "value": "Bearer {{doctor_token}}"
                  }
                ],
                "url": {
                  "raw": "{{base_url}}/api/doctors/profile",
                  "host": ["{{base_url}}"],
                  "path": ["api", "doctors", "profile"]
                }
              },
              "status": "OK",
              "code": 200,
              "_postman_previewlanguage": "json",
              "header": [
                {
                  "key": "Content-Type",
                  "value": "application/json"
                }
              ],
              "cookie": [],
              "body": "{\n  \"success\": true,\n  \"message\": \"Doctor profile retrieved successfully\",\n  \"data\": {\n    \"user\": {\n      \"_id\": \"68873ecbdbdfb5f783864a95\",\n      \"fullName\": \"Dr. John Doe\",\n      \"email\": \"john.doe@example.com\",\n      \"phone\": \"+91 98765 43210\",\n      \"password\": \"hashed_password_here\",\n      \"role\": \"doctor\",\n      \"profileCompletion\": 85,\n      \"verificationStatus\": \"pending\",\n      \"nmcValidated\": true,\n      \"showContactDetails\": true,\n      \"fcmToken\": \"fcm_token_here\",\n      \"createdAt\": \"2024-01-15T10:30:00.000Z\",\n      \"updatedAt\": \"2024-01-20T14:45:00.000Z\"\n    },\n    \"registrationData\": {\n      \"personalInfo\": {\n        \"fullName\": \"Dr. John Doe\",\n        \"email\": \"john.doe@example.com\",\n        \"phone\": \"+91 98765 43210\",\n        \"dateOfBirth\": \"1985-06-15T00:00:00.000Z\",\n        \"gender\": \"male\",\n        \"password\": \"hashed_password_here\"\n      },\n      \"professionalInfo\": {\n        \"specialization\": \"Cardiology\",\n        \"yearsOfExperience\": 8,\n        \"hospitals\": [\n          {\n            \"name\": \"City General Hospital\",\n            \"address\": \"123 Medical Street, Mumbai, Maharashtra 400001\",\n            \"isCurrent\": true\n          },\n          {\n            \"name\": \"Apollo Medical Center\",\n            \"address\": \"456 Health Avenue, Mumbai, Maharashtra 400002\",\n            \"isCurrent\": false\n          }\n        ],\n        \"referralCode\": \"KD2025DR789\"\n      },\n      \"medicalCredentials\": {\n        \"degree\": \"MBBS\",\n        \"medicalDegreeSpecialization\": \"MD Cardiology\",\n        \"mciNumber\": \"MCI-123456\",\n        \"graduationYear\": 2015,\n        \"nmcValidated\": true,\n        \"verifiedDoctorData\": {\n          \"name\": \"Dr. John Doe\",\n          \"registrationNumber\": \"MCI-123456\",\n          \"qualification\": \"MBBS, MD Cardiology\",\n          \"state\": \"Maharashtra\",\n          \"verificationDate\": \"2024-01-18T12:00:00.000Z\"\n        },\n        \"medicalDegrees\": [\n          {\n            \"degree\": \"MBBS\",\n            \"institution\": \"Mumbai Medical College\",\n            \"year\": 2015,\n            \"verified\": true\n          },\n          {\n            \"degree\": \"MD Cardiology\",\n            \"institution\": \"All India Institute of Medical Sciences\",\n            \"year\": 2018,\n            \"verified\": true\n          }\n        ]\n      },\n      \"addressInfo\": {\n        \"country\": \"India\",\n        \"state\": \"Maharashtra\",\n        \"city\": \"Mumbai\",\n        \"pincode\": \"400001\",\n        \"address\": \"789 Doctor Lane, Andheri West, Mumbai, Maharashtra 400001\",\n        \"hospitalAddress\": \"123 Medical Street, Mumbai, Maharashtra 400001\"\n      }\n    },\n    \"profileCompletionData\": {\n      \"hospitalDetails\": {\n        \"skipped\": false,\n        \"hospitals\": [\n          {\n            \"id\": \"hosp_001\",\n            \"name\": \"City General Hospital\",\n            \"address\": \"123 Medical Street, Mumbai, Maharashtra 400001\",\n            \"position\": \"Senior Consultant Cardiologist\",\n            \"tenure\": \"2019-2023\",\n            \"isCurrent\": true,\n            \"createdAt\": \"2024-01-15T10:30:00.000Z\"\n          },\n          {\n            \"id\": \"hosp_002\",\n            \"name\": \"Apollo Medical Center\",\n            \"address\": \"456 Health Avenue, Mumbai, Maharashtra 400002\",\n            \"position\": \"Resident Doctor\",\n            \"tenure\": \"2017-2019\",\n            \"isCurrent\": false,\n            \"createdAt\": \"2024-01-15T10:30:00.000Z\"\n          }\n        ]\n      },\n      \"practiceInformation\": {\n        \"skipped\": false,\n        \"clinicName\": \"Dr. John's Cardiology Clinic\",\n        \"practiceStartDate\": \"2019-06-15\",\n        \"diseaseSpecialty\": \"Cardiology\",\n        \"consultationFee\": \"1500\",\n        \"workingHours\": \"9:00 AM - 6:00 PM\",\n        \"clinicAddress\": \"789 Doctor Lane, Mumbai, Maharashtra 400003\",\n        \"clinicPhone\": \"+91 98765 43211\",\n        \"experience\": \"8 years\",\n        \"specializations\": [\n          \"Interventional Cardiology\",\n          \"Echocardiography\",\n          \"Stress Testing\",\n          \"Cardiac Catheterization\"\n        ],\n        \"treatedDiseases\": [\n          \"Coronary Artery Disease\",\n          \"Heart Failure\",\n          \"Arrhythmias\",\n          \"Hypertension\"\n        ],\n        \"createdAt\": \"2024-01-15T10:30:00.000Z\"\n      },\n      \"documents\": {\n        \"skipped\": false,\n        \"medicalCertificates\": [\n          {\n            \"id\": \"doc_001\",\n            \"documentType\": \"medicalCertificate\",\n            \"fileName\": \"MBBS_Certificate.pdf\",\n            \"fileSize\": 2048576,\n            \"filePath\": \"/uploads/documents/mbbs_cert.pdf\",\n            \"mimeType\": \"application/pdf\",\n            \"uploadedAt\": \"2024-01-15T10:30:00.000Z\",\n            \"verified\": true,\n            \"verificationDate\": \"2024-01-18T12:00:00.000Z\"\n          },\n          {\n            \"id\": \"doc_002\",\n            \"documentType\": \"medicalCertificate\",\n            \"fileName\": \"MD_Cardiology.pdf\",\n            \"fileSize\": 1536000,\n            \"filePath\": \"/uploads/documents/md_cardio.pdf\",\n            \"mimeType\": \"application/pdf\",\n            \"uploadedAt\": \"2024-01-15T10:30:00.000Z\",\n            \"verified\": true,\n            \"verificationDate\": \"2024-01-18T12:00:00.000Z\"\n          }\n        ],\n        \"casteCertificate\": {\n          \"id\": \"doc_003\",\n          \"documentType\": \"casteCertificate\",\n          \"fileName\": \"Caste_Certificate.pdf\",\n          \"fileSize\": 1024000,\n          \"filePath\": \"/uploads/documents/caste_cert.pdf\",\n          \"mimeType\": \"application/pdf\",\n          \"uploadedAt\": \"2024-01-15T10:30:00.000Z\",\n          \"verified\": true,\n          \"verificationDate\": \"2024-01-18T12:00:00.000Z\"\n        },\n        \"idDocument\": {\n          \"id\": \"doc_004\",\n          \"documentType\": \"idDocument\",\n          \"fileName\": \"Aadhar_Card.pdf\",\n          \"fileSize\": 512000,\n          \"filePath\": \"/uploads/documents/aadhar.pdf\",\n          \"mimeType\": \"application/pdf\",\n          \"uploadedAt\": \"2024-01-15T10:30:00.000Z\",\n          \"verified\": true,\n          \"verificationDate\": \"2024-01-18T12:00:00.000Z\"\n        }\n      },\n      \"communityVerification\": {\n        \"skipped\": false,\n        \"isKapuAffiliated\": true,\n        \"joinReferralSystem\": true,\n        \"referralCode\": \"KD2025DR789\",\n        \"communityMembership\": \"Active\",\n        \"referralPreferences\": {\n          \"acceptReferrals\": true,\n          \"referralRadius\": \"50km\",\n          \"specialtyReferrals\": [\"Cardiology\", \"General Medicine\"],\n          \"availability\": \"Weekdays 9AM-6PM\"\n        },\n        \"communityDetails\": {\n          \"kapuChapter\": \"Mumbai Chapter\",\n          \"membershipDate\": \"2020-03-15\",\n          \"contributionLevel\": \"Active Member\"\n        },\n        \"createdAt\": \"2024-01-15T10:30:00.000Z\"\n      }\n    },\n    \"referralInfo\": {\n      \"myReferralCode\": \"KD2025DR789\",\n      \"totalReferralsSent\": 45,\n      \"totalReferralsReceived\": 23,\n      \"pendingReferrals\": 5,\n      \"unreadMessages\": 2,\n      \"referralStats\": {\n        \"thisMonth\": {\n          \"sent\": 8,\n          \"received\": 3,\n          \"completed\": 12\n        },\n        \"lastMonth\": {\n          \"sent\": 12,\n          \"received\": 7,\n          \"completed\": 18\n        }\n      }\n    },\n    \"communicationPreferences\": {\n      \"notifications\": {\n        \"referralUpdates\": true,\n        \"communityNews\": true,\n        \"newDoctorAlerts\": false,\n        \"systemMessages\": true\n      },\n      \"privacy\": {\n        \"contactVisibility\": true,\n        \"referralNotifications\": true,\n        \"profileDiscoverability\": true\n      },\n      \"appPreferences\": {\n        \"biometricAuth\": false,\n        \"autoLogoutTimer\": \"30\",\n        \"offlineSync\": true,\n        \"language\": \"en\"\n      }\n    },\n    \"deviceInfo\": {\n      \"deviceType\": \"android\",\n      \"appVersion\": \"1.0.0\",\n      \"lastLogin\": \"2024-01-20T14:45:00.000Z\",\n      \"loginCount\": 156\n    },\n    \"completionStatus\": {\n      \"registration\": {\n        \"completed\": true,\n        \"percentage\": 100,\n        \"sections\": {\n          \"personalInfo\": true,\n          \"professionalInfo\": true,\n          \"medicalCredentials\": true,\n          \"addressInfo\": true\n        }\n      },\n      \"profileCompletion\": {\n        \"hospitalDetails\": {\n          \"completed\": true,\n          \"percentage\": 100,\n          \"required\": true,\n          \"lastUpdated\": \"2024-01-15T10:30:00.000Z\"\n        },\n        \"practiceInformation\": {\n          \"completed\": true,\n          \"percentage\": 100,\n          \"required\": true,\n          \"lastUpdated\": \"2024-01-15T10:30:00.000Z\"\n        },\n        \"documents\": {\n          \"completed\": true,\n          \"percentage\": 100,\n          \"required\": true,\n          \"lastUpdated\": \"2024-01-15T10:30:00.000Z\"\n        },\n        \"communityVerification\": {\n          \"completed\": true,\n          \"percentage\": 100,\n          \"required\": false,\n          \"lastUpdated\": \"2024-01-15T10:30:00.000Z\"\n        }\n      },\n      \"overallCompletion\": {\n        \"percentage\": 85,\n        \"completedSections\": 7,\n        \"totalSections\": 8,\n        \"remainingSections\": [],\n        \"lastUpdated\": \"2024-01-20T14:45:00.000Z\"\n      }\n    }\n  }\n}"
            }
          ]
        },
        {
          "name": "Update Doctor Profile",
          "request": {
            "method": "PATCH",
            "header": [
              {
                "key": "Authorization",
                "value": "Bearer {{doctor_token}}"
              },
              {
                "key": "Content-Type",
                "value": "application/json"
              }
            ],
            "body": {
              "mode": "raw",
              "raw": "{\n  \"firstName\": \"John\",\n  \"lastName\": \"Doe\",\n  \"middleName\": \"Michael\",\n  \"gender\": \"male\",\n  \"dateOfBirth\": \"1985-06-15\",\n  \"contactNumber1\": \"+91 98765 43210\",\n  \"contactNumber2\": \"+91 98765 43211\",\n  \"showContactDetails\": true,\n  \"homeAddress\": {\n    \"street\": \"789 Doctor Lane\",\n    \"city\": \"Mumbai\",\n    \"state\": \"Maharashtra\",\n    \"country\": \"India\",\n    \"pincode\": \"400001\"\n  },\n  \"medicalLicenseNumber\": \"MCI-123456\",\n  \"medicalDegrees\": [\"MBBS\", \"MD Cardiology\"],\n  \"specialization\": \"Cardiology\",\n  \"hospitalName1\": \"City General Hospital\",\n  \"hospitalAddress1\": {\n    \"street\": \"123 Medical Street\",\n    \"city\": \"Mumbai\",\n    \"state\": \"Maharashtra\",\n    \"country\": \"India\"\n  },\n  \"hospitalName2\": \"Apollo Medical Center\",\n  \"hospitalAddress2\": {\n    \"street\": \"456 Health Avenue\",\n    \"city\": \"Mumbai\",\n    \"state\": \"Maharashtra\",\n    \"country\": \"India\"\n  },\n  \"clinicAddress\": {\n    \"street\": \"789 Doctor Lane\",\n    \"city\": \"Mumbai\",\n    \"state\": \"Maharashtra\",\n    \"country\": \"India\"\n  },\n  \"practiceStartDate\": \"2019-06-15\",\n  \"treatedDiseases\": [\n    \"Coronary Artery Disease\",\n    \"Heart Failure\",\n    \"Arrhythmias\",\n    \"Hypertension\"\n  ],\n  \"documents\": {\n    \"medicalCertificates\": [\n      \"/uploads/documents/mbbs_cert.pdf\",\n      \"/uploads/documents/md_cardio.pdf\"\n    ],\n    \"casteCertificate\": \"/uploads/documents/caste_cert.pdf\",\n    \"identificationProof\": \"/uploads/documents/aadhar.pdf\"\n  },\n  \"communityDetails\": {\n    \"kapuCommunityAffiliation\": true,\n    \"communityReferrals\": [\n      {\n        \"name\": \"Dr. Jane Smith\",\n        \"relationship\": \"Colleague\",\n        \"contactNumber\": \"+91 98765 43212\"\n      },\n      {\n        \"name\": \"Dr. Robert Johnson\",\n        \"relationship\": \"Mentor\",\n        \"contactNumber\": \"+91 98765 43213\"\n      }\n    ]\n  },\n  \"communicationPreferences\": {\n    \"notificationPreference\": true,\n    \"emailCommunication\": true\n  },\n  \"clinicName\": \"Dr. John's Cardiology Clinic\",\n  \"consultationFee\": \"1500\",\n  \"workingHours\": \"9:00 AM - 6:00 PM\",\n  \"specializations\": [\n    \"Interventional Cardiology\",\n    \"Echocardiography\",\n    \"Stress Testing\",\n    \"Cardiac Catheterization\"\n  ]\n}",
              "options": {
                "raw": {
                  "language": "json"
                }
              }
            },
            "url": {
              "raw": "{{base_url}}/api/doctors/profile",
              "host": ["{{base_url}}"],
              "path": ["api", "doctors", "profile"]
            },
            "description": "Update doctor profile with comprehensive information including personal details, professional info, hospital details, clinic information, documents, community details, and communication preferences"
          },
          "response": [
            {
              "name": "Success Response",
              "originalRequest": {
                "method": "PATCH",
                "header": [
                  {
                    "key": "Authorization",
                    "value": "Bearer {{doctor_token}}"
                  },
                  {
                    "key": "Content-Type",
                    "value": "application/json"
                  }
                ],
                "body": {
                  "mode": "raw",
                  "raw": "{\n  \"firstName\": \"John\",\n  \"lastName\": \"Doe\",\n  \"middleName\": \"Michael\",\n  \"gender\": \"male\",\n  \"dateOfBirth\": \"1985-06-15\",\n  \"contactNumber1\": \"+91 98765 43210\",\n  \"contactNumber2\": \"+91 98765 43211\",\n  \"showContactDetails\": true,\n  \"homeAddress\": {\n    \"street\": \"789 Doctor Lane\",\n    \"city\": \"Mumbai\",\n    \"state\": \"Maharashtra\",\n    \"country\": \"India\",\n    \"pincode\": \"400001\"\n  },\n  \"medicalLicenseNumber\": \"MCI-123456\",\n  \"medicalDegrees\": [\"MBBS\", \"MD Cardiology\"],\n  \"specialization\": \"Cardiology\",\n  \"hospitalName1\": \"City General Hospital\",\n  \"hospitalAddress1\": {\n    \"street\": \"123 Medical Street\",\n    \"city\": \"Mumbai\",\n    \"state\": \"Maharashtra\",\n    \"country\": \"India\"\n  },\n  \"hospitalName2\": \"Apollo Medical Center\",\n  \"hospitalAddress2\": {\n    \"street\": \"456 Health Avenue\",\n    \"city\": \"Mumbai\",\n    \"state\": \"Maharashtra\",\n    \"country\": \"India\"\n  },\n  \"clinicAddress\": {\n    \"street\": \"789 Doctor Lane\",\n    \"city\": \"Mumbai\",\n    \"state\": \"Maharashtra\",\n    \"country\": \"India\"\n  },\n  \"practiceStartDate\": \"2019-06-15\",\n  \"treatedDiseases\": [\n    \"Coronary Artery Disease\",\n    \"Heart Failure\",\n    \"Arrhythmias\",\n    \"Hypertension\"\n  ],\n  \"documents\": {\n    \"medicalCertificates\": [\n      \"/uploads/documents/mbbs_cert.pdf\",\n      \"/uploads/documents/md_cardio.pdf\"\n    ],\n    \"casteCertificate\": \"/uploads/documents/caste_cert.pdf\",\n    \"identificationProof\": \"/uploads/documents/aadhar.pdf\"\n  },\n  \"communityDetails\": {\n    \"kapuCommunityAffiliation\": true,\n    \"communityReferrals\": [\n      {\n        \"name\": \"Dr. Jane Smith\",\n        \"relationship\": \"Colleague\",\n        \"contactNumber\": \"+91 98765 43212\"\n      },\n      {\n        \"name\": \"Dr. Robert Johnson\",\n        \"relationship\": \"Mentor\",\n        \"contactNumber\": \"+91 98765 43213\"\n      }\n    ]\n  },\n  \"communicationPreferences\": {\n    \"notificationPreference\": true,\n    \"emailCommunication\": true\n  },\n  \"clinicName\": \"Dr. John's Cardiology Clinic\",\n  \"consultationFee\": \"1500\",\n  \"workingHours\": \"9:00 AM - 6:00 PM\",\n  \"specializations\": [\n    \"Interventional Cardiology\",\n    \"Echocardiography\",\n    \"Stress Testing\",\n    \"Cardiac Catheterization\"\n  ]\n}",
                  "options": {
                    "raw": {
                      "language": "json"
                    }
                  }
                },
                "url": {
                  "raw": "{{base_url}}/api/doctors/profile",
                  "host": ["{{base_url}}"],
                  "path": ["api", "doctors", "profile"]
                }
              },
              "status": "OK",
              "code": 200,
              "_postman_previewlanguage": "json",
              "header": [
                {
                  "key": "Content-Type",
                  "value": "application/json"
                }
              ],
              "cookie": [],
              "body": "{\n  \"message\": \"Profile updated successfully\",\n  \"doctor\": {\n    \"_id\": \"68873ecbdbdfb5f783864a95\",\n    \"firstName\": \"John\",\n    \"lastName\": \"Doe\",\n    \"middleName\": \"Michael\",\n    \"fullName\": \"Dr. John Michael Doe\",\n    \"gender\": \"male\",\n    \"dateOfBirth\": \"1985-06-15T00:00:00.000Z\",\n    \"contactNumber1\": \"+91 98765 43210\",\n    \"contactNumber2\": \"+91 98765 43211\",\n    \"showContactDetails\": true,\n    \"email\": \"john.doe@example.com\",\n    \"homeAddress\": {\n      \"street\": \"789 Doctor Lane\",\n      \"city\": \"Mumbai\",\n      \"state\": \"Maharashtra\",\n      \"country\": \"India\",\n      \"pincode\": \"400001\"\n    },\n    \"medicalLicenseNumber\": \"MCI-123456\",\n    \"medicalDegrees\": [\"MBBS\", \"MD Cardiology\"],\n    \"specialization\": \"Cardiology\",\n    \"hospitalName1\": \"City General Hospital\",\n    \"hospitalAddress1\": {\n      \"street\": \"123 Medical Street\",\n      \"city\": \"Mumbai\",\n      \"state\": \"Maharashtra\",\n      \"country\": \"India\"\n    },\n    \"hospitalName2\": \"Apollo Medical Center\",\n    \"hospitalAddress2\": {\n      \"street\": \"456 Health Avenue\",\n      \"city\": \"Mumbai\",\n      \"state\": \"Maharashtra\",\n      \"country\": \"India\"\n    },\n    \"clinicAddress\": {\n      \"street\": \"789 Doctor Lane\",\n      \"city\": \"Mumbai\",\n      \"state\": \"Maharashtra\",\n      \"country\": \"India\"\n    },\n    \"practiceStartDate\": \"2019-06-15T00:00:00.000Z\",\n    \"workExperience\": 5,\n    \"treatedDiseases\": [\n      \"Coronary Artery Disease\",\n      \"Heart Failure\",\n      \"Arrhythmias\",\n      \"Hypertension\"\n    ],\n    \"documents\": {\n      \"medicalCertificates\": [\n        \"/uploads/documents/mbbs_cert.pdf\",\n        \"/uploads/documents/md_cardio.pdf\"\n      ],\n      \"casteCertificate\": \"/uploads/documents/caste_cert.pdf\",\n      \"identificationProof\": \"/uploads/documents/aadhar.pdf\"\n    },\n    \"communityDetails\": {\n      \"kapuCommunityAffiliation\": true,\n      \"communityReferrals\": [\n        {\n          \"name\": \"Dr. Jane Smith\",\n          \"relationship\": \"Colleague\",\n          \"contactNumber\": \"+91 98765 43212\"\n        },\n        {\n          \"name\": \"Dr. Robert Johnson\",\n          \"relationship\": \"Mentor\",\n          \"contactNumber\": \"+91 98765 43213\"\n        }\n      ]\n    },\n    \"communicationPreferences\": {\n      \"notificationPreference\": true,\n      \"emailCommunication\": true\n    },\n    \"myReferralCode\": \"KD2025DR789\",\n    \"referredBy\": null,\n    \"role\": \"doctor\",\n    \"verificationStatus\": \"pending\",\n    \"nmcValidated\": false,\n    \"profileCompletion\": 95,\n    \"fcmToken\": \"fcm_token_here\",\n    \"deviceInfo\": {\n      \"deviceType\": \"android\",\n      \"appVersion\": \"1.0.0\",\n      \"lastLoginAt\": \"2024-01-20T14:45:00.000Z\"\n    },\n    \"clinicName\": \"Dr. John's Cardiology Clinic\",\n    \"consultationFee\": \"1500\",\n    \"workingHours\": \"9:00 AM - 6:00 PM\",\n    \"specializations\": [\n      \"Interventional Cardiology\",\n      \"Echocardiography\",\n      \"Stress Testing\",\n      \"Cardiac Catheterization\"\n    ],\n    \"createdAt\": \"2024-01-15T10:30:00.000Z\",\n    \"updatedAt\": \"2024-01-20T14:45:00.000Z\"\n  },\n  \"profileCompletion\": 95\n}"
            }
          ]
        },
        {
          "name": "Get Admin Dashboard",
          "request": {
            "method": "GET",
            "header": [
              {
                "key": "Authorization",
                "value": "Bearer {{admin_token}}"
              }
            ],
            "url": {
              "raw": "{{base_url}}/api/dashboard/admin",
              "host": ["{{base_url}}"],
              "path": ["api", "dashboard", "admin"]
            }
          },
          "response": []
        }
      ]
    },
    {
      "name": "File Upload",
      "item": [
        {
          "name": "Upload Single File",
          "request": {
            "method": "POST",
            "header": [
              {
                "key": "Authorization",
                "value": "Bearer {{doctor_token}}"
              }
            ],
            "body": {
              "mode": "formdata",
              "formdata": [
                {
                  "key": "file",
                  "type": "file",
                  "src": []
                },
                {
                  "key": "folder",
                  "value": "documents",
                  "type": "text"
                }
              ]
            },
            "url": {
              "raw": "{{base_url}}/api/upload/file",
              "host": ["{{base_url}}"],
              "path": ["api", "upload", "file"]
            }
          },
          "response": []
        },
        {
          "name": "Upload Multiple Files",
          "request": {
            "method": "POST",
            "header": [
              {
                "key": "Authorization",
                "value": "Bearer {{doctor_token}}"
              }
            ],
            "body": {
              "mode": "formdata",
              "formdata": [
                {
                  "key": "files",
                  "type": "file",
                  "src": []
                },
                {
                  "key": "folder",
                  "value": "documents",
                  "type": "text"
                }
              ]
            },
            "url": {
              "raw": "{{base_url}}/api/upload/files",
              "host": ["{{base_url}}"],
              "path": ["api", "upload", "files"]
            }
          },
          "response": []
        }
      ]
    },
    {
      "name": "Notification Management",
      "item": [
        {
          "name": "Get Notifications",
          "request": {
            "method": "GET",
            "header": [
              {
                "key": "Authorization",
                "value": "Bearer {{doctor_token}}"
              }
            ],
            "url": {
              "raw": "{{base_url}}/api/notifications",
              "host": ["{{base_url}}"],
              "path": ["api", "notifications"]
            }
          },
          "response": []
        },
        {
          "name": "Get Unread Count",
          "request": {
            "method": "GET",
            "header": [
              {
                "key": "Authorization",
                "value": "Bearer {{doctor_token}}"
              }
            ],
            "url": {
              "raw": "{{base_url}}/api/notifications/unread/count",
              "host": ["{{base_url}}"],
              "path": ["api", "notifications", "unread", "count"]
            }
          },
          "response": []
        },
        {
          "name": "Mark Notification as Read",
          "request": {
            "method": "PATCH",
            "header": [
              {
                "key": "Authorization",
                "value": "Bearer {{doctor_token}}"
              }
            ],
            "url": {
              "raw": "{{base_url}}/api/notifications/notification_id_here/read",
              "host": ["{{base_url}}"],
              "path": ["api", "notifications", "notification_id_here", "read"]
            }
          },
          "response": []
        },
        {
          "name": "Mark All Notifications as Read",
          "request": {
            "method": "POST",
            "header": [
              {
                "key": "Authorization",
                "value": "Bearer {{doctor_token}}"
              }
            ],
            "url": {
              "raw": "{{base_url}}/api/notifications/read-all",
              "host": ["{{base_url}}"],
              "path": ["api", "notifications", "read-all"]
            }
          },
          "response": []
        },
        {
          "name": "Delete Notification",
          "request": {
            "method": "DELETE",
            "header": [
              {
                "key": "Authorization",
                "value": "Bearer {{doctor_token}}"
              }
            ],
            "url": {
              "raw": "{{base_url}}/api/notifications/notification_id_here",
              "host": ["{{base_url}}"],
              "path": ["api", "notifications", "notification_id_here"]
            }
          },
          "response": []
        },
        {
          "name": "Delete All Read Notifications",
          "request": {
            "method": "DELETE",
            "header": [
              {
                "key": "Authorization",
                "value": "Bearer {{doctor_token}}"
              }
            ],
            "url": {
              "raw": "{{base_url}}/api/notifications/read/all",
              "host": ["{{base_url}}"],
              "path": ["api", "notifications", "read", "all"]
            }
          },
          "response": []
        }
      ]
    },
    {
      "name": "Patient Queries",
      "item": [
        {
          "name": "Create Patient Query",
          "request": {
            "method": "POST",
            "header": [
              {
                "key": "Content-Type",
                "value": "application/json"
              },
              {
                "key": "Authorization",
                "value": "Bearer {{patient_token}}"
              }
            ],
            "body": {
              "mode": "raw",
              "raw": "{\n  \"doctorId\": \"{{doctor_id}}\",\n  \"subject\": \"Chest pain consultation\",\n  \"message\": \"I have been experiencing chest pain for the past 2 days\",\n  \"urgency\": \"high\",\n  \"attachments\": [\"url1\", \"url2\"]\n}",
              "options": {
                "raw": {
                  "language": "json"
                }
              }
            },
            "url": {
              "raw": "{{base_url}}/api/patient/queries",
              "host": ["{{base_url}}"],
              "path": ["api", "patient", "queries"]
            }
          },
          "response": []
        },
        {
          "name": "Get Patient Queries",
          "request": {
            "method": "GET",
            "header": [
              {
                "key": "Authorization",
                "value": "Bearer {{patient_token}}"
              }
            ],
            "url": {
              "raw": "{{base_url}}/api/patient/queries",
              "host": ["{{base_url}}"],
              "path": ["api", "patient", "queries"]
            }
          },
          "response": []
        },
        {
          "name": "Get Specific Patient Query",
          "request": {
            "method": "GET",
            "header": [
              {
                "key": "Authorization",
                "value": "Bearer {{patient_token}}"
              }
            ],
            "url": {
              "raw": "{{base_url}}/api/patient/queries/query_id_here",
              "host": ["{{base_url}}"],
              "path": ["api", "patient", "queries", "query_id_here"]
            }
          },
          "response": []
        },
        {
          "name": "Update Patient Query",
          "request": {
            "method": "PATCH",
            "header": [
              {
                "key": "Content-Type",
                "value": "application/json"
              },
              {
                "key": "Authorization",
                "value": "Bearer {{patient_token}}"
              }
            ],
            "body": {
              "mode": "raw",
              "raw": "{\n  \"subject\": \"Updated chest pain consultation\",\n  \"message\": \"The pain has reduced after taking medication\"\n}",
              "options": {
                "raw": {
                  "language": "json"
                }
              }
            },
            "url": {
              "raw": "{{base_url}}/api/patient/queries/query_id_here",
              "host": ["{{base_url}}"],
              "path": ["api", "patient", "queries", "query_id_here"]
            }
          },
          "response": []
        }
      ]
    },
    {
      "name": "Admin Management",
      "item": [
        {
          "name": "Get All Doctors",
          "request": {
            "method": "GET",
            "header": [
              {
                "key": "Authorization",
                "value": "Bearer {{admin_token}}"
              }
            ],
            "url": {
              "raw": "{{base_url}}/api/admin/doctors",
              "host": ["{{base_url}}"],
              "path": ["api", "admin", "doctors"]
            }
          },
          "response": []
        },
        {
          "name": "Get All Patients",
          "request": {
            "method": "GET",
            "header": [
              {
                "key": "Authorization",
                "value": "Bearer {{admin_token}}"
              }
            ],
            "url": {
              "raw": "{{base_url}}/api/admin/patients",
              "host": ["{{base_url}}"],
              "path": ["api", "admin", "patients"]
            }
          },
          "response": []
        },
        {
          "name": "Get System Statistics",
          "request": {
            "method": "GET",
            "header": [
              {
                "key": "Authorization",
                "value": "Bearer {{admin_token}}"
              }
            ],
            "url": {
              "raw": "{{base_url}}/api/admin/stats",
              "host": ["{{base_url}}"],
              "path": ["api", "admin", "stats"]
            }
          },
          "response": []
        }
      ]
    },
    {
      "name": "Doctor Query Management",
      "item": [
        {
          "name": "Get All Patient Queries for Doctor",
          "request": {
            "method": "GET",
            "header": [
              {
                "key": "Authorization",
                "value": "Bearer {{doctor_token}}"
              }
            ],
            "url": {
              "raw": "{{base_url}}/api/doctors/queries?status=pending&page=1&limit=10&sortBy=createdAt&sortOrder=desc",
              "host": ["{{base_url}}"],
              "path": ["api", "doctors", "queries"],
              "query": [
                {
                  "key": "status",
                  "value": "pending",
                  "description": "Filter by status: pending, accepted, rejected, completed"
                },
                {
                  "key": "page",
                  "value": "1",
                  "description": "Page number for pagination"
                },
                {
                  "key": "limit",
                  "value": "10",
                  "description": "Number of queries per page"
                },
                {
                  "key": "sortBy",
                  "value": "createdAt",
                  "description": "Field to sort by"
                },
                {
                  "key": "sortOrder",
                  "value": "desc",
                  "description": "Sort order: asc or desc"
                }
              ]
            }
          },
          "response": []
        },
        {
          "name": "Get Specific Patient Query Details for Doctor",
          "request": {
            "method": "GET",
            "header": [
              {
                "key": "Authorization",
                "value": "Bearer {{doctor_token}}"
              }
            ],
            "url": {
              "raw": "{{base_url}}/api/doctors/queries/{{query_id}}",
              "host": ["{{base_url}}"],
              "path": ["api", "doctors", "queries", "{{query_id}}"]
            }
          },
          "response": []
        },
        {
          "name": "Reply to Patient Query (Accept)",
          "request": {
            "method": "PATCH",
            "header": [
              {
                "key": "Content-Type",
                "value": "application/json"
              },
              {
                "key": "Authorization",
                "value": "Bearer {{doctor_token}}"
              }
            ],
            "body": {
              "mode": "raw",
              "raw": "{\n  \"doctorResponse\": \"Based on your symptoms, I recommend you visit the emergency room immediately. The chest pain combined with shortness of breath could indicate a serious condition that requires immediate medical attention.\",\n  \"status\": \"accepted\",\n  \"appointmentTime\": \"2024-01-20T14:00:00.000Z\",\n  \"consultationType\": \"in-person\",\n  \"additionalNotes\": \"Please bring your recent ECG reports and any previous cardiac test results if available. Also, avoid any strenuous activity until the appointment.\"\n}",
              "options": {
                "raw": {
                  "language": "json"
                }
              }
            },
            "url": {
              "raw": "{{base_url}}/api/doctors/queries/{{query_id}}/reply",
              "host": ["{{base_url}}"],
              "path": ["api", "doctors", "queries", "{{query_id}}", "reply"]
            }
          },
          "response": []
        },
        {
          "name": "Reply to Patient Query (Reject)",
          "request": {
            "method": "PATCH",
            "header": [
              {
                "key": "Content-Type",
                "value": "application/json"
              },
              {
                "key": "Authorization",
                "value": "Bearer {{doctor_token}}"
              }
            ],
            "body": {
              "mode": "raw",
              "raw": "{\n  \"doctorResponse\": \"Thank you for your query. Based on the symptoms you've described, I would recommend consulting with a specialist in emergency medicine or visiting your nearest emergency department immediately. This is outside my area of expertise and requires urgent attention.\",\n  \"status\": \"rejected\",\n  \"additionalNotes\": \"Please seek immediate medical attention at the nearest hospital emergency department.\"\n}",
              "options": {
                "raw": {
                  "language": "json"
                }
              }
            },
            "url": {
              "raw": "{{base_url}}/api/doctors/queries/{{query_id}}/reply",
              "host": ["{{base_url}}"],
              "path": ["api", "doctors", "queries", "{{query_id}}", "reply"]
            }
          },
          "response": []
        },
        {
          "name": "Reply to Patient Query (Complete)",
          "request": {
            "method": "PATCH",
            "header": [
              {
                "key": "Content-Type",
                "value": "application/json"
              },
              {
                "key": "Authorization",
                "value": "Bearer {{doctor_token}}"
              }
            ],
            "body": {
              "mode": "raw",
              "raw": "{\n  \"doctorResponse\": \"Thank you for following up. Based on our consultation and the test results, your condition has improved significantly. Please continue with the prescribed medication for another week and maintain a healthy lifestyle. If you experience any new symptoms, please don't hesitate to contact me.\",\n  \"status\": \"completed\",\n  \"additionalNotes\": \"Follow-up appointment scheduled if needed. Continue current treatment plan.\"\n}",
              "options": {
                "raw": {
                  "language": "json"
                }
              }
            },
            "url": {
              "raw": "{{base_url}}/api/doctors/queries/{{query_id}}/reply",
              "host": ["{{base_url}}"],
              "path": ["api", "doctors", "queries", "{{query_id}}", "reply"]
            }
          },
          "response": []
        },
        {
          "name": "Update Query Status Only",
          "request": {
            "method": "PATCH",
            "header": [
              {
                "key": "Content-Type",
                "value": "application/json"
              },
              {
                "key": "Authorization",
                "value": "Bearer {{doctor_token}}"
              }
            ],
            "body": {
              "mode": "raw",
              "raw": "{\n  \"status\": \"completed\",\n  \"appointmentTime\": \"2024-01-25T16:00:00.000Z\"\n}",
              "options": {
                "raw": {
                  "language": "json"
                }
              }
            },
            "url": {
              "raw": "{{base_url}}/api/doctors/queries/{{query_id}}/status",
              "host": ["{{base_url}}"],
              "path": ["api", "doctors", "queries", "{{query_id}}", "status"]
            }
          },
          "response": []
        },
        {
          "name": "Get Doctor Query Statistics",
          "request": {
            "method": "GET",
            "header": [
              {
                "key": "Authorization",
                "value": "Bearer {{doctor_token}}"
              }
            ],
            "url": {
              "raw": "{{base_url}}/api/doctors/queries/stats/summary",
              "host": ["{{base_url}}"],
              "path": ["api", "doctors", "queries", "stats", "summary"]
            }
          },
          "response": []
        }
      ]
    },
    {
      "name": "Enhanced Patient Query Management",
      "item": [
        {
          "name": "Create Patient Query (Enhanced)",
          "request": {
            "method": "POST",
            "header": [
              {
                "key": "Content-Type",
                "value": "application/json"
              },
              {
                "key": "Authorization",
                "value": "Bearer {{patient_token}}"
              }
            ],
            "body": {
              "mode": "raw",
              "raw": "{\n  \"doctorId\": \"{{doctor_id}}\",\n  \"symptoms\": \"I have been experiencing severe chest pain and shortness of breath for the past 2 days. The pain is sharp and occurs especially when I take deep breaths or move around.\",\n  \"duration\": \"2 days\",\n  \"previousTreatments\": \"I took paracetamol and rested, but the pain persists. I also tried applying a heating pad.\",\n  \"attachments\": [\n    {\n      \"url\": \"https://example.com/xray-report.jpg\",\n      \"description\": \"Chest X-ray taken yesterday\"\n    },\n    {\n      \"url\": \"https://example.com/ecg-report.pdf\",\n      \"description\": \"ECG report from local clinic\"\n    }\n  ],\n  \"preferredTime\": \"Morning (9 AM - 12 PM)\",\n  \"consultationType\": \"online\",\n  \"subject\": \"Urgent chest pain consultation\",\n  \"urgency\": \"high\",\n  \"patientContactNo\": \"+911234567890\"\n}",
              "options": {
                "raw": {
                  "language": "json"
                }
              }
            },
            "url": {
              "raw": "{{base_url}}/api/patient/queries",
              "host": ["{{base_url}}"],
              "path": ["api", "patient", "queries"]
            }
          },
          "response": []
        },
        {
          "name": "Get Patient Queries (With Status Filter)",
          "request": {
            "method": "GET",
            "header": [
              {
                "key": "Authorization",
                "value": "Bearer {{patient_token}}"
              }
            ],
            "url": {
              "raw": "{{base_url}}/api/patient/queries?status=pending&page=1&limit=5",
              "host": ["{{base_url}}"],
              "path": ["api", "patient", "queries"],
              "query": [
                {
                  "key": "status",
                  "value": "pending",
                  "description": "Filter by status: pending, accepted, rejected, completed"
                },
                {
                  "key": "page",
                  "value": "1",
                  "description": "Page number"
                },
                {
                  "key": "limit",
                  "value": "5",
                  "description": "Number of queries per page"
                }
              ]
            }
          },
          "response": []
        },
        {
          "name": "Update Patient Query (Enhanced)",
          "request": {
            "method": "PATCH",
            "header": [
              {
                "key": "Content-Type",
                "value": "application/json"
              },
              {
                "key": "Authorization",
                "value": "Bearer {{patient_token}}"
              }
            ],
            "body": {
              "mode": "raw",
              "raw": "{\n  \"attachments\": [\n    {\n      \"url\": \"https://example.com/updated-report.pdf\",\n      \"description\": \"Updated blood test results\"\n    }\n  ],\n  \"preferredTime\": \"Afternoon (2 PM - 5 PM)\",\n  \"consultationType\": \"in-person\"\n}",
              "options": {
                "raw": {
                  "language": "json"
                }
              }
            },
            "url": {
              "raw": "{{base_url}}/api/patient/queries/{{query_id}}",
              "host": ["{{base_url}}"],
              "path": ["api", "patient", "queries", "{{query_id}}"]
            }
          },
          "response": []
        }
      ]
    }
  ]
}