{
  "id": "doctor-app-environment",
  "name": "Doctor App Environment",
  "values": [
    {
      "key": "base_url",
      "value": "http://localhost:3000",
      "type": "default",
      "enabled": true
    },
    {
      "key": "doctor_token",
      "value": "",
      "type": "secret",
      "enabled": true
    },
    {
      "key": "patient_token",
      "value": "",
      "type": "secret",
      "enabled": true
    },
    {
      "key": "admin_token",
      "value": "",
      "type": "secret",
      "enabled": true
    },
    {
      "key": "doctor_id",
      "value": "",
      "type": "default",
      "enabled": true
    },
    {
      "key": "patient_id",
      "value": "",
      "type": "default",
      "enabled": true
    },
    {
      "key": "message_id",
      "value": "",
      "type": "default",
      "enabled": true
    },
    {
      "key": "notification_id",
      "value": "",
      "type": "default",
      "enabled": true
    },
    {
      "key": "query_id",
      "value": "",
      "type": "default",
      "enabled": true
    },
    {
      "key": "referral_id",
      "value": "",
      "type": "default",
      "enabled": true
    }
  ]
}
