{
  "info": {
    "name": "Kappu Doctor App - Admin Collection",
    "description": "Admin-specific API collection for Kappu Doctor App management",
    "schema": "https://schema.getpostman.com/json/collection/v2.1.0/collection.json"
  },
  "variable": [
    {
      "key": "base_url",
      "value": "https://rendernodedeployment.onrender.com"
    },
    {
      "key": "admin_token",
      "value": "your_admin_jwt_token_here"
    }
  ],
  "item": [
    {
      "name": "Admin Authentication",
      "item": [
        {
          "name": "Admin Login",
          "request": {
            "method": "POST",
            "header": [
              {
                "key": "Content-Type",
                "value": "application/json"
              }
            ],
            "body": {
              "mode": "raw",
              "raw": "{\n  \"email\": \"admin@kappudoctor.com\",\n  \"password\": \"adminPassword123\",\n  \"fcmToken\": \"fcm_token_here\",\n  \"deviceType\": \"android\",\n  \"appVersion\": \"1.0.0\"\n}",
              "options": {
                "raw": {
                  "language": "json"
                }
              }
            },
            "url": {
              "raw": "{{base_url}}/api/auth/admin/login",
              "host": ["{{base_url}}"],
              "path": ["api", "auth", "admin", "login"]
            }
          },
          "response": []
        },
        {
          "name": "Get Admin Profile",
          "request": {
            "method": "GET",
            "header": [
              {
                "key": "Authorization",
                "value": "Bearer {{admin_token}}"
              }
            ],
            "url": {
              "raw": "{{base_url}}/api/auth/profile",
              "host": ["{{base_url}}"],
              "path": ["api", "auth", "profile"]
            }
          },
          "response": []
        }
      ]
    },
    {
      "name": "User Management",
      "item": [
        {
          "name": "Get All Doctors",
          "request": {
            "method": "GET",
            "header": [
              {
                "key": "Authorization",
                "value": "Bearer {{admin_token}}"
              }
            ],
            "url": {
              "raw": "{{base_url}}/api/admin/doctors",
              "host": ["{{base_url}}"],
              "path": ["api", "admin", "doctors"]
            }
          },
          "response": []
        },
        {
          "name": "Get All Patients",
          "request": {
            "method": "GET",
            "header": [
              {
                "key": "Authorization",
                "value": "Bearer {{admin_token}}"
              }
            ],
            "url": {
              "raw": "{{base_url}}/api/admin/patients",
              "host": ["{{base_url}}"],
              "path": ["api", "admin", "patients"]
            }
          },
          "response": []
        },
        {
          "name": "Get Doctor by ID",
          "request": {
            "method": "GET",
            "header": [
              {
                "key": "Authorization",
                "value": "Bearer {{admin_token}}"
              }
            ],
            "url": {
              "raw": "{{base_url}}/api/admin/doctors/doctor_id_here",
              "host": ["{{base_url}}"],
              "path": ["api", "admin", "doctors", "doctor_id_here"]
            }
          },
          "response": []
        },
        {
          "name": "Get Patient by ID",
          "request": {
            "method": "GET",
            "header": [
              {
                "key": "Authorization",
                "value": "Bearer {{admin_token}}"
              }
            ],
            "url": {
              "raw": "{{base_url}}/api/admin/patients/patient_id_here",
              "host": ["{{base_url}}"],
              "path": ["api", "admin", "patients", "patient_id_here"]
            }
          },
          "response": []
        },
        {
          "name": "Update Doctor Status",
          "request": {
            "method": "PATCH",
            "header": [
              {
                "key": "Content-Type",
                "value": "application/json"
              },
              {
                "key": "Authorization",
                "value": "Bearer {{admin_token}}"
              }
            ],
            "body": {
              "mode": "raw",
              "raw": "{\n  \"verificationStatus\": \"verified\",\n  \"isActive\": true\n}",
              "options": {
                "raw": {
                  "language": "json"
                }
              }
            },
            "url": {
              "raw": "{{base_url}}/api/admin/doctors/doctor_id_here",
              "host": ["{{base_url}}"],
              "path": ["api", "admin", "doctors", "doctor_id_here"]
            }
          },
          "response": []
        },
        {
          "name": "Delete Doctor",
          "request": {
            "method": "DELETE",
            "header": [
              {
                "key": "Authorization",
                "value": "Bearer {{admin_token}}"
              }
            ],
            "url": {
              "raw": "{{base_url}}/api/admin/doctors/doctor_id_here",
              "host": ["{{base_url}}"],
              "path": ["api", "admin", "doctors", "doctor_id_here"]
            }
          },
          "response": []
        },
        {
          "name": "Delete Patient",
          "request": {
            "method": "DELETE",
            "header": [
              {
                "key": "Authorization",
                "value": "Bearer {{admin_token}}"
              }
            ],
            "url": {
              "raw": "{{base_url}}/api/admin/patients/patient_id_here",
              "host": ["{{base_url}}"],
              "path": ["api", "admin", "patients", "patient_id_here"]
            }
          },
          "response": []
        }
      ]
    },
    {
      "name": "Dashboard & Analytics",
      "item": [
        {
          "name": "Get Admin Dashboard",
          "request": {
            "method": "GET",
            "header": [
              {
                "key": "Authorization",
                "value": "Bearer {{admin_token}}"
              }
            ],
            "url": {
              "raw": "{{base_url}}/api/dashboard/admin",
              "host": ["{{base_url}}"],
              "path": ["api", "dashboard", "admin"]
            }
          },
          "response": []
        },
        {
          "name": "Get System Statistics",
          "request": {
            "method": "GET",
            "header": [
              {
                "key": "Authorization",
                "value": "Bearer {{admin_token}}"
              }
            ],
            "url": {
              "raw": "{{base_url}}/api/admin/stats",
              "host": ["{{base_url}}"],
              "path": ["api", "admin", "stats"]
            }
          },
          "response": []
        },
        {
          "name": "Get Referral Statistics",
          "request": {
            "method": "GET",
            "header": [
              {
                "key": "Authorization",
                "value": "Bearer {{admin_token}}"
              }
            ],
            "url": {
              "raw": "{{base_url}}/api/admin/referrals/stats",
              "host": ["{{base_url}}"],
              "path": ["api", "admin", "referrals", "stats"]
            }
          },
          "response": []
        },
        {
          "name": "Get Recent Activities",
          "request": {
            "method": "GET",
            "header": [
              {
                "key": "Authorization",
                "value": "Bearer {{admin_token}}"
              }
            ],
            "url": {
              "raw": "{{base_url}}/api/admin/activities?limit=20",
              "host": ["{{base_url}}"],
              "path": ["api", "admin", "activities"],
              "query": [
                {
                  "key": "limit",
                  "value": "20"
                }
              ]
            }
          },
          "response": []
        }
      ]
    },
    {
      "name": "Notification Management",
      "item": [
        {
          "name": "Send Test Notification",
          "request": {
            "method": "POST",
            "header": [
              {
                "key": "Content-Type",
                "value": "application/json"
              },
              {
                "key": "Authorization",
                "value": "Bearer {{admin_token}}"
              }
            ],
            "body": {
              "mode": "raw",
              "raw": "{\n  \"title\": \"Test Notification\",\n  \"body\": \"This is a test notification\",\n  \"data\": {\n    \"type\": \"test\",\n    \"customData\": \"value\"\n  }\n}",
              "options": {
                "raw": {
                  "language": "json"
                }
              }
            },
            "url": {
              "raw": "{{base_url}}/api/notifications/test/user_id_here",
              "host": ["{{base_url}}"],
              "path": ["api", "notifications", "test", "user_id_here"]
            }
          },
          "response": []
        },
        {
          "name": "Broadcast to All Doctors",
          "request": {
            "method": "POST",
            "header": [
              {
                "key": "Content-Type",
                "value": "application/json"
              },
              {
                "key": "Authorization",
                "value": "Bearer {{admin_token}}"
              }
            ],
            "body": {
              "mode": "raw",
              "raw": "{\n  \"title\": \"System Announcement\",\n  \"body\": \"Important system update for all doctors\",\n  \"data\": {\n    \"type\": \"announcement\",\n    \"priority\": \"high\"\n  }\n}",
              "options": {
                "raw": {
                  "language": "json"
                }
              }
            },
            "url": {
              "raw": "{{base_url}}/api/notifications/broadcast/doctors",
              "host": ["{{base_url}}"],
              "path": ["api", "notifications", "broadcast", "doctors"]
            }
          },
          "response": []
        },
        {
          "name": "Broadcast to All Patients",
          "request": {
            "method": "POST",
            "header": [
              {
                "key": "Content-Type",
                "value": "application/json"
              },
              {
                "key": "Authorization",
                "value": "Bearer {{admin_token}}"
              }
            ],
            "body": {
              "mode": "raw",
              "raw": "{\n  \"title\": \"Patient Announcement\",\n  \"body\": \"Important information for all patients\",\n  \"data\": {\n    \"type\": \"announcement\",\n    \"priority\": \"medium\"\n  }\n}",
              "options": {
                "raw": {
                  "language": "json"
                }
              }
            },
            "url": {
              "raw": "{{base_url}}/api/notifications/broadcast/patients",
              "host": ["{{base_url}}"],
              "path": ["api", "notifications", "broadcast", "patients"]
            }
          },
          "response": []
        },
        {
          "name": "Get All Notifications",
          "request": {
            "method": "GET",
            "header": [
              {
                "key": "Authorization",
                "value": "Bearer {{admin_token}}"
              }
            ],
            "url": {
              "raw": "{{base_url}}/api/notifications?page=1&limit=50",
              "host": ["{{base_url}}"],
              "path": ["api", "notifications"],
              "query": [
                {
                  "key": "page",
                  "value": "1"
                },
                {
                  "key": "limit",
                  "value": "50"
                }
              ]
            }
          },
          "response": []
        },
        {
          "name": "Get Notification Statistics",
          "request": {
            "method": "GET",
            "header": [
              {
                "key": "Authorization",
                "value": "Bearer {{admin_token}}"
              }
            ],
            "url": {
              "raw": "{{base_url}}/api/notifications/stats",
              "host": ["{{base_url}}"],
              "path": ["api", "notifications", "stats"]
            }
          },
          "response": []
        }
      ]
    },
    {
      "name": "System Management",
      "item": [
        {
          "name": "Get System Health",
          "request": {
            "method": "GET",
            "header": [
              {
                "key": "Authorization",
                "value": "Bearer {{admin_token}}"
              }
            ],
            "url": {
              "raw": "{{base_url}}/api/admin/system/health",
              "host": ["{{base_url}}"],
              "path": ["api", "admin", "system", "health"]
            }
          },
          "response": []
        },
        {
          "name": "Get Database Statistics",
          "request": {
            "method": "GET",
            "header": [
              {
                "key": "Authorization",
                "value": "Bearer {{admin_token}}"
              }
            ],
            "url": {
              "raw": "{{base_url}}/api/admin/system/database",
              "host": ["{{base_url}}"],
              "path": ["api", "admin", "system", "database"]
            }
          },
          "response": []
        },
        {
          "name": "Clear System Cache",
          "request": {
            "method": "POST",
            "header": [
              {
                "key": "Authorization",
                "value": "Bearer {{admin_token}}"
              }
            ],
            "url": {
              "raw": "{{base_url}}/api/admin/system/cache/clear",
              "host": ["{{base_url}}"],
              "path": ["api", "admin", "system", "cache", "clear"]
            }
          },
          "response": []
        }
      ]
    }
  ]
} 